name,platform,cog,revenue,shipping_rev,usps_cost,platform_fee,net_payout,sold_date,sold_year,sold_month,listed_date,brand,category
Stussy Big Logo White Longsleeve Tee Shirt,depop,0.0,35.0,5.0,0.0,5.85,29.15,2023-02-23,2023,2,2023-01-23,Stüssy,Tops
Vintage Carhartt Green Carpenter Canvas Dungaree Work Pants,depop,0.0,35.0,7.0,0.0,6.12,28.88,2023-02-26,2023,2,2023-02-25,Carhartt,Bottoms
New York Fuckin City Black Faded Tee Shirt,depop,0.0,25.0,5.0,0.0,4.4399999999999995,20.560000000000002,2023-02-27,2023,2,2023-01-23,,Tops
Vintage 80s LGBTQ Austin Texas March White T Shirt,depop,0.0,10.0,6.0,0.0,2.6100000000000003,7.39,2023-03-02,2023,3,2023-03-01,,Tops
Vintage Distressed Levi’s 550 Dark Blue Jeans,depop,0.0,30.0,7.0,0.0,5.44,24.56,2023-03-02,2023,3,2023-02-26,Levi's,Bottoms
Vintage Carhartt Carpenter Work Lightwash Blue Jeans,depop,0.0,25.0,7.0,0.0,4.78,20.22,2023-03-09,2023,3,2023-02-25,Carhartt,Bottoms
Vintage Grey Cargo Pants,depop,0.0,15.5,7.0,0.0,3.48,12.02,2023-03-11,2023,3,2023-03-07,,Bottoms
Vintage Dark Green Polo Sport Ralph Lauren Crew Neck Sweatshirt,depop,0.0,33.0,7.0,0.0,5.83,27.17,2023-03-16,2023,3,2023-03-06,Polo Sport,Tops
Vintage LL Bean Light Blue Windbreaker Pullover Anorak Jacket,depop,0.0,20.0,0.0,0.0,3.15,16.85,2023-03-16,2023,3,2023-02-26,L.L.Bean,Tops
Vintage Nigo Era Bape Baby Milo Hand Tote Bag,depop,0.0,40.0,5.0,0.0,6.57,33.43,2023-03-19,2023,3,2023-02-25,A Bathing Ape (BAPE),Accessories
Nike x Stussy The Wide World Tribe White T-Shirt,depop,0.0,75.0,6.0,0.0,11.219999999999999,63.78,2023-03-23,2023,3,2023-02-25,Stüssy,Tops
Vintage Y2K Red Nike Hoodie sweatshirt,depop,0.0,25.0,7.0,0.0,4.8100000000000005,20.189999999999998,2023-03-26,2023,3,2023-03-19,Nike,Tops
Vintage Y2K Polo Ralph Lauren Chief Keef style Rugby Polo Shirt,depop,0.0,27.0,6.0,0.0,4.92,22.08,2024-03-01,2024,3,2024-02-10,Polo Ralph Lauren,Tops
Vintage Y2K Flipper Baggy Wide Leg Faded Mud Wash Distressed Dark wash Navy Blue,depop,0.0,28.0,0.0,0.0,2.8,25.2,2024-03-05,2024,3,2024-02-10,American Vintage,Bottoms
Vintage Y2K Prohibit Faded Distressed Black Baggy Wide Leg Jeans,depop,0.0,31.5,10.0,0.0,6.0600000000000005,25.439999999999998,2024-03-05,2024,3,2024-03-03,American Vintage,Bottoms
Vintage Y2K Akademiks Baggy Wide Leg Embroidered Cream Khaki Jeans,depop,0.0,24.3,10.0,0.0,5.07,19.23,2024-03-06,2024,3,2024-02-14,Akademiks,Bottoms
Vintage Y2K Akademiks Baggy Wide Leg Faded Light wash Embroidered Jeans,depop,0.0,30.6,10.0,0.0,5.949999999999999,24.650000000000002,2024-03-06,2024,3,2024-02-10,Akademiks,Bottoms
Vintage Y2K Dickies Cyber Grunge Deftones Style Logo White Tee Shirt,depop,0.0,22.0,6.0,0.0,4.25,17.75,2024-03-07,2024,3,2024-03-05,Dickies,Tops
Vintage Y2K Bob Marley Rasta Beanie,depop,0.0,12.0,5.0,0.0,2.75,9.25,2024-03-07,2024,3,2024-03-03,American Vintage,Accessories
Vintage Y2K Carhartt Tan Faded Canvas Workwear Dungaree Pants Jeans,depop,0.0,27.1,10.0,0.0,5.46,21.64,2024-03-08,2024,3,2024-03-06,Carhartt,Bottoms
Vintage Y2K JPG Jean Paul Gaultier Jeans Straight Leg Navy Blue Jeans,depop,0.0,27.0,10.0,0.0,5.37,21.63,2024-03-08,2024,3,2024-03-06,JPG Jeans,Bottoms
Vintage Y2K BBC AOP Ice Cream Dollar Sign Diamond Nigo Era Black T Shirt,depop,0.0,20.0,6.0,0.0,4.02,15.98,2024-03-08,2024,3,2024-01-15,Ice Cream,Tops
Vintage Y2K Fubu Wide Leg Baggy Khaki Cream Cargo Pants,depop,0.0,23.0,10.0,0.0,4.91,18.09,2024-03-08,2024,3,2024-03-04,FUBU,Bottoms
Vintage Y2K Pepe Jeans Wide Leg Baggy Embroidered Darkwash Jeans,depop,0.0,29.0,10.0,0.0,5.71,23.29,2024-03-10,2024,3,2024-03-04,Pepe Jeans,Bottoms
Vintage Y2K Affliction Style Baggy Embroidered Black Jeans,depop,0.0,31.5,10.0,0.0,6.07,25.43,2024-03-10,2024,3,2024-03-10,American Vintage,Bottoms
Vintage Y2K Affliction Style Baggy Embroidered Black Jeans,depop,0.0,31.5,0.0,0.0,4.15,27.35,2024-03-11,2024,3,2024-03-10,American Vintage,Bottoms
Vintage Y2K PJ Mark Skull Graphic Baggy Wide Leg Darkwash Contrast Navy Jeans,depop,0.0,40.0,10.0,0.0,7.45,32.55,2024-03-11,2024,3,2024-03-06,American Vintage,Bottoms
Vintage Y2K Southpole Style Baggy Faded Jeans,depop,0.0,35.0,0.0,0.0,4.5,30.5,2024-03-11,2024,3,2024-03-09,American Vintage,Bottoms
Vintage Y2K Trilogy Tech Gear Rave Convertible Cargo Hiking Track Pants,depop,0.0,25.0,10.0,0.0,5.2,19.8,2024-03-12,2024,3,2024-03-06,American Vintage,Bottoms
Vintage Y2K Faded Baggy Southpole Blue Jean Shorts Jorts,depop,0.0,32.0,6.0,0.0,5.6,26.4,2024-03-12,2024,3,2023-12-27,Southpole,Bottoms
Vintage Y2K Southpole Baggy Wide Leg Faded Darkwash Embroidered Jorts Jean Short,depop,0.0,30.0,7.0,0.0,5.470000000000001,24.53,2024-03-12,2024,3,2024-03-03,Southpole,Bottoms
Fox Racing Jersey,depop,0.0,20.0,6.0,0.0,3.91,16.09,2024-03-12,2024,3,2023-12-28,Fox Racing,Tops
Vintage Y2K Ecko Unltd Baggy Wide Leg Darkwash Faded Jeans,depop,0.0,30.0,10.0,0.0,5.86,24.14,2024-03-12,2024,3,2024-03-04,Ecko Unltd.,Bottoms
Vintage Y2K No Fear Black Red Skull Wings Hoodie Sweatshirt,depop,0.0,45.0,9.0,0.0,7.75,37.25,2024-03-13,2024,3,2024-03-03,No Fear,Tops
Vintage Y2K True Religion Baggy Wide Leg Darkwash Embroidered Jeans,depop,0.0,32.0,10.0,0.0,6.13,25.87,2024-03-15,2024,3,2024-03-04,True Religion,Bottoms
Vintage Y2K Baggy Faded Jeans,depop,0.0,37.0,10.0,0.0,6.7,30.3,2024-03-17,2024,3,2024-03-09,Sean John,Bottoms
Vintage Y2K Boxy Zip Up Sweatshirt,depop,0.0,25.0,10.0,0.0,5.18,19.82,2024-03-18,2024,3,2024-03-09,American Vintage,Tops
Vintage Y2K DKNY Jeans Baggy Wide Leg Faded Darkwash Jeans,depop,0.0,27.0,10.0,0.0,5.45,21.55,2024-03-21,2024,3,2024-03-04,DKNY,Bottoms
Vintage Y2K Carhartt Flannel Lined Workwear Dungaree Faded Brown Pants,depop,0.0,28.0,10.0,0.0,5.5,22.5,2024-03-25,2024,3,2024-03-06,Carhartt,Bottoms
Vintage Y2K Affliction Style Zip Up Sweatshirt Hoodie,depop,0.0,33.0,9.0,0.0,6.04,26.96,2024-03-25,2024,3,2024-03-22,American Vintage,Tops
Vintage Y2K Baggy Jeans,depop,0.0,40.0,10.0,0.0,7.220000000000001,32.78,2024-03-26,2024,3,2024-03-07,Ecko Unltd.,Bottoms
Vintage 90s Nike Baggy Track Pants,depop,0.0,27.0,7.0,0.0,5.05,21.95,2024-03-27,2024,3,2024-03-09,Nike,Bottoms
Vintage Y2K Baggy Green Cargo Pants,depop,0.0,30.0,10.0,0.0,5.87,24.13,2024-03-27,2024,3,2024-03-06,Tommy Hilfiger,Bottoms
VIntage Y2K Levi's Silvertab Baggy Jeans,depop,0.0,35.0,10.0,0.0,6.529999999999999,28.47,2024-03-27,2024,3,2024-03-25,Levi's,Bottoms
Vintage Y2K Plugg Baggy Wide Leg Darkwash Navy Contrast Stitch Jeans,depop,0.0,25.0,10.0,0.0,5.11,19.89,2024-03-28,2024,3,2024-03-06,American Vintage,Bottoms
Vintage Y2K Diesel Industries Faded Jeans,depop,0.0,31.5,10.0,0.0,5.970000000000001,25.53,2024-03-28,2024,3,2024-03-25,Diesel,Bottoms
Vintage Y2K Baggy Faded Jeans,depop,0.0,25.0,10.0,0.0,5.1899999999999995,19.810000000000002,2024-03-29,2024,3,2024-03-25,Nautica,Bottoms
Vintage Y2K Hurley Burgundy Red Big Logo Zip Up Hoodie Sweatshirt,depop,0.0,26.0,9.0,0.0,5.17,20.83,2024-03-30,2024,3,2024-01-15,Hurley,Tops
Vintage Y2K Southpole Big Logo Embroidered Gray White Tee Shirt,depop,0.0,15.0,5.0,0.0,3.15,11.85,2024-03-31,2024,3,2024-03-05,Southpole,Tops
Vintage Y2K Baggy Embroidered Jeans,depop,0.0,30.0,10.0,0.0,5.86,24.14,2024-04-03,2024,4,2024-03-12,Bonjour,Bottoms
Vintage Y2K Jennyfer Cable Knit Fur Jacket Sweater,depop,0.0,50.0,8.0,0.0,8.32,41.68,2024-04-03,2024,4,2024-03-25,Jennyfer,Coats and jackets
Vintage Y2K Realtree Xtra Camo Camouflage Cargo Shorts,depop,0.0,15.0,5.0,0.0,3.16,11.84,2024-04-10,2024,4,2023-11-07,Realtree,Bottoms
Vintage Y2K Rocawear Baggy Black Jeans,depop,0.0,35.0,10.0,0.0,6.55,28.45,2024-04-10,2024,4,2024-04-05,Rocawear,Bottoms
Vintage Y2K Baggy Jeans,depop,0.0,45.0,10.0,0.0,7.9,37.1,2024-04-11,2024,4,2024-04-05,Rocawear,Bottoms
Vintage Y2K Marithe Francois Girbaud Denim Cropped Jacket,depop,0.0,36.0,8.0,0.0,6.42,29.58,2024-04-12,2024,4,2024-04-11,Le Jean de Marithe Francois Girbaud,Coats and jackets
Vintage Y2K Baggy Jorts,depop,0.0,30.0,6.0,0.0,5.32,24.68,2024-04-12,2024,4,2024-04-11,American Vintage,Bottoms
Vintage Y2K Baggy Enyce Jeans,depop,0.0,29.99,10.0,0.0,5.87,24.119999999999997,2024-04-12,2024,4,2024-04-11,Enyce,Bottoms
**ANONYMIZED**,depop,0.0,28.0,10.0,0.0,5.609999999999999,22.39,2024-04-14,2024,4,2024-04-11,Nautica,Bottoms
Vintage Y2K Dickies Black Work Jacket,depop,0.0,36.0,10.0,0.0,6.68,29.32,2024-04-14,2024,4,2024-04-05,Dickies,Coats and jackets
Vintage. Y2K Stussy Black Pullover Hoodie,depop,0.0,49.0,10.0,0.0,8.3,40.7,2024-04-15,2024,4,2024-04-14,Stüssy,Tops
Vintage Y2K Rocawear Baggy Faded Jeans,depop,0.0,40.0,10.0,0.0,7.26,32.74,2024-04-15,2024,4,2024-04-05,Rocawear,Bottoms
Vintage Y2K Low Rise Flare Jeans,depop,0.0,28.0,8.0,0.0,5.3100000000000005,22.689999999999998,2024-04-16,2024,4,2024-04-14,American Vintage,Bottoms
Vintage Y2K Baggy Jorts,depop,0.0,32.0,6.0,0.0,5.62,26.38,2024-04-17,2024,4,2024-04-11,American Vintage,Bottoms
Vintage Y2K Baggy Ecko Unltd Jeans,depop,0.0,28.0,10.0,0.0,5.59,22.41,2024-04-17,2024,4,2024-04-11,Ecko Unltd.,Bottoms
Vintage 90s Levi’s Silvertab Loose Jeans,depop,0.0,45.0,10.0,0.0,7.890000000000001,37.11,2024-04-17,2024,4,2024-03-25,Levi's,Bottoms
Vintage Y2K Baggy Faded Jeans,depop,0.0,28.0,10.0,0.0,5.59,22.41,2024-04-17,2024,4,2024-04-11,Buffalo David Bitton,Bottoms
Vintage Y2K Faded Baggy Jeans,depop,0.0,31.5,10.0,0.0,6.08,25.42,2024-04-23,2024,4,2024-04-14,Union Bay,Bottoms
Vintage Y2K Laguna Beach Affliction Style Green Embroidered Low Rise Flare Jeans,depop,0.0,27.0,9.0,0.0,5.24,21.759999999999998,2024-04-26,2024,4,2024-03-06,Laguna,Bottoms
Vintage Y2K BugGirl Rave Baggy Wide Leg Blue Nylon Cargo Pants,depop,0.0,100.0,8.0,0.0,15.07,84.93,2024-05-08,2024,5,2024-03-05,JNCO,Bottoms
Vintage Y2K QuikSilver Hoodie,depop,0.0,36.0,10.0,0.0,6.6899999999999995,29.310000000000002,2024-05-09,2024,5,2024-05-04,Quiksilver,Tops
Vintage Y2K Xtreme Couture AOP Shirt,depop,0.0,31.5,5.0,0.0,5.38,26.12,2024-05-09,2024,5,2024-04-14,Xtreme Couture,Tops
Vintage Y2K Quiksilver Pullover Hoodie,depop,0.0,45.0,10.0,0.0,7.890000000000001,37.11,2024-05-09,2024,5,2024-04-14,Quiksilver,Tops
Vintage 90s Boston Bruins T Shirt,depop,0.0,31.5,6.0,0.0,5.4399999999999995,26.060000000000002,2024-05-10,2024,5,2024-05-09,NHL,Tops
Vintage 90s Christian Dior Navy Cardigan,depop,0.0,36.0,8.0,0.0,6.37,29.63,2024-05-10,2024,5,2024-05-09,Christian Dior,Tops
Vintage Y2K Southpole Faded Gray Jorts,depop,0.0,35.0,6.0,0.0,5.989999999999999,29.01,2024-05-11,2024,5,2024-05-10,Southpole,Bottoms
Vintage Y2K Black Embroidered Hoodie,depop,0.0,31.5,10.0,0.0,6.07,25.43,2024-05-12,2024,5,2024-05-04,American Vintage,Tops
Vintage Y2K Tommy Hilfiger Green Cargo Shorts,depop,0.0,25.0,6.0,0.0,4.57,20.43,2024-05-12,2024,5,2024-05-10,Tommy Hilfiger,Bottoms
Vintage Y2K Quiksilver Gray Plaid Zip Up Fleece Lined Sweatshirt Hoodie,depop,0.0,25.0,9.0,0.0,5.04,19.96,2024-05-14,2024,5,2024-03-05,Quiksilver,Tops
Vintage Y2K Oakley Sunglasses Big Graphic Red Black T Shirt,depop,0.0,23.8,6.0,0.0,5.34,18.46,2024-05-15,2024,5,2024-01-15,Oakley,Tops
Vintage Y2K Ecko Unltd All Over Print AOP Affliction Style White Black Shirt,depop,0.0,24.0,0.0,0.0,2.4,21.6,2024-05-15,2024,5,2024-03-05,Ecko Unltd.,Tops
Vintage Y2K Baggy Tommy Hilfiger Carpenter Jorts,depop,0.0,31.5,6.0,0.0,5.4399999999999995,26.060000000000002,2024-05-15,2024,5,2024-05-10,Tommy Hilfiger,Bottoms
Vintage Y2K Baggy Faded Jeans,depop,0.0,34.0,10.0,0.0,6.42,27.58,2024-05-16,2024,5,2024-05-09,Ecko Unltd.,Bottoms
Vintage Y2K Affliction Style Baggy Jeans,depop,0.0,32.0,10.0,0.0,6.13,25.87,2024-05-17,2024,5,2024-05-04,American Vintage,Bottoms
Vintage Y2K Baggy Corduroy Green Pants,depop,0.0,36.0,10.0,0.0,6.6899999999999995,29.310000000000002,2024-05-17,2024,5,2024-05-10,American Vintage,Bottoms
Vintage Y2K Ed Hardy Trucker Hat,depop,0.0,25.0,5.0,0.0,4.51,20.490000000000002,2024-05-18,2024,5,2024-05-18,Ed Hardy,Accessories
Vintage Y2K Ecko Unltd Embroidered Big Logo Faded Dark wash Jeans,depop,0.0,29.75,10.0,0.0,5.74,24.009999999999998,2024-05-18,2024,5,2024-02-14,Ecko Unltd.,Bottoms
Vintage Y2K Rave Grunge Faded Cargo Pants,depop,0.0,31.5,10.0,0.0,6.07,25.43,2024-05-19,2024,5,2024-05-16,American Vintage,Bottoms
Vintage Military Leather Combat Boots,depop,0.0,72.0,10.0,0.0,11.54,60.46,2024-05-20,2024,5,2024-03-22,American Vintage,Footwear
Vintage Y2K Baggy Black Jeans,depop,0.0,24.0,10.0,0.0,1.57,22.43,2024-05-21,2024,5,2024-05-20,American Vintage,Bottoms
Vintage Y2K Baggy Faded Carpenter Jeans,depop,0.0,25.0,10.0,0.0,5.15,19.85,2024-05-21,2024,5,2024-05-09,American Vintage,Bottoms
Vintage Y2K True Religion Baggy Jeans Red,depop,0.0,40.0,10.0,0.0,7.21,32.79,2024-05-21,2024,5,2024-05-14,True Religion,Bottoms
Vintage Y2K Baggy Camo Cargo Pants,depop,0.0,25.0,10.0,0.0,5.22,19.78,2024-05-22,2024,5,2024-05-16,American Vintage,Bottoms
Vintage Y2K Baggy Carpenter Jeans,depop,0.0,34.0,10.0,0.0,6.41,27.59,2024-05-22,2024,5,2024-05-14,U.S. Polo Assn.,Bottoms
Vintage Y2K Baggy Painter Pants,depop,0.0,27.0,10.0,0.0,5.44,21.56,2024-05-23,2024,5,2024-05-16,American Vintage,Bottoms
Vintage Y2K Nike Brown Shirt,depop,0.0,18.0,6.0,0.0,3.69,14.31,2024-05-23,2024,5,2024-05-16,Nike,Tops
Vintage Y2K AOP Skull Zip Up Sweatshirt,depop,0.0,58.0,10.0,0.0,9.65,48.35,2024-05-24,2024,5,2024-05-14,American Vintage,Tops
Vintage Y2K O'Neil Surfwear Thermal Long Sleeve Shirt,depop,0.0,25.0,6.0,0.0,4.65,20.35,2024-05-24,2024,5,2024-05-16,O'Neill,Tops
Vintage Y2K Goretex Jacket,depop,0.0,32.0,10.0,0.0,6.04,25.96,2024-05-25,2024,5,2024-05-05,American Vintage,Coats and jackets
Vintage Y2K Baggy Faded Jorts,depop,0.0,36.0,6.0,0.0,6.13,29.87,2024-05-27,2024,5,2024-05-10,American Vintage,Bottoms
Vintage Y2K Juicy Couture Black Tracksuit,depop,0.0,101.3,8.0,0.0,15.28,86.02,2024-05-29,2024,5,2024-05-09,Juicy Couture,Jumpsuits and playsuits
Vintage 80s Starter Red Sox Satin Jacket,depop,0.0,25.0,6.0,0.0,4.62,20.38,2024-05-29,2024,5,2024-05-09,Starter,Coats and jackets
Vintage Leather Motorcycle Pants,depop,0.0,35.0,10.0,0.0,6.54,28.46,2024-05-29,2024,5,2024-05-20,American Vintage,Bottoms
Tredair Spider Web Black Oxford Shoes,depop,0.0,170.0,10.0,0.0,24.86,145.14,2023-04-02,2023,4,2023-04-01,,Footwear
Yeezy Gap Balenciaga Black Dove Hoodie,depop,0.0,250.0,10.0,0.0,35.63,214.37,2023-04-15,2023,4,2023-04-10,Yeezy,Tops
Vintage Y2K Nike Black Pullover Hoodie Chest Swoosh,depop,0.0,30.0,7.0,0.0,5.470000000000001,24.53,2023-04-16,2023,4,2023-04-15,Nike,Tops
Vintage Y2K Russell Athletic Gray Blank Hoodie,depop,0.0,30.0,7.0,0.0,5.37,24.63,2023-04-16,2023,4,2023-03-17,Russell Athletic,Tops
Vintage Grey Starter Sport Blank Hoodie Sweatshirt,depop,0.0,22.0,8.0,0.0,4.5,17.5,2023-04-19,2023,4,2023-04-01,,Tops
Vintage Champion Navy Michigan Collegiate Hoodie,depop,0.0,25.0,8.0,0.0,4.91,20.09,2023-04-20,2023,4,2023-03-06,Champion,Tops
Needles HD Oversized Parachute Cargo Pants,depop,0.0,165.0,7.0,0.0,23.65,141.35,2023-04-21,2023,4,2023-04-10,Needles,Bottoms
Vintage Western Cowboy Bandana Pocket Handkerchief Horse Boots Hat,depop,0.0,10.0,4.0,0.0,2.3499999999999996,7.65,2023-05-02,2023,5,2023-04-26,,Accessories
Vintage Y2K WWE Rey Mysterio Mask Peruvian Style Blue Beanie,depop,0.0,12.0,5.0,0.0,2.76,9.24,2023-05-02,2023,5,2023-04-26,,Accessories
Boston Celtics Ray Allen Adidas NBA Authentic Jersey,depop,0.0,25.0,5.0,0.0,4.4399999999999995,20.560000000000002,2023-05-12,2023,5,2023-04-15,NBA,Tops
Vintage Y2K Von Dutch Orange All Over Print Trucker Hat,depop,0.0,45.0,6.0,0.0,7.379999999999999,37.620000000000005,2023-05-15,2023,5,2023-05-08,Von Dutch,Accessories
Cyber Grunge Y2K Dragon Miami Ink Red T Shirt,depop,0.0,15.0,6.0,0.0,3.24,11.76,2023-05-17,2023,5,2023-05-15,,Tops
Cyber Grunge Y2K Blue Dragon Shirt,depop,0.0,15.0,6.0,0.0,3.3,11.7,2023-05-18,2023,5,2023-05-15,,Tops
Cyber Grunge Y2K Tan Rock n Roll Shirt,depop,0.0,20.0,6.0,0.0,3.96,16.04,2023-05-20,2023,5,2023-05-15,,Tops
Vintage 70s/80s Izod Lacoste Bright Orange Cardigan 100% Orlon Acrylic,depop,0.0,32.0,7.0,0.0,5.74,26.259999999999998,2023-05-20,2023,5,2023-05-15,Lacoste,Tops
Vintage Y2K Light Wash Distressed Levis 527 Bootcut Jeans,depop,0.0,35.0,6.0,0.0,5.989999999999999,29.01,2023-05-22,2023,5,2023-04-15,Levi's,Bottoms
Vintage 90s 1997 Mortal Kombat Annihilation Promo Graphic Movie Black T Shirt Si,depop,0.0,240.0,7.0,0.0,33.91,206.09,2023-05-22,2023,5,2023-04-26,,Tops
Vintage Y2K Levis Light Wash 505 Distressed Jeans,depop,0.0,20.0,7.0,0.0,4.08,15.92,2023-05-23,2023,5,2023-04-15,Levi's,Bottoms
Y2K Birkenstock Sports Baseball Trucker Cap Hat Black Red Embroidered Distressed,depop,0.0,20.0,6.0,0.0,3.97,16.03,2023-05-26,2023,5,2023-05-19,Birkenstock,Accessories
Vintage Burgundy Red Dickies Corduroy Pants,depop,0.0,15.0,7.0,0.0,3.42,11.58,2023-05-30,2023,5,2023-02-25,Dickies,Bottoms
PPFM Black Convertible Puffer Down Jacket,depop,0.0,100.0,8.0,0.0,15.07,84.93,2023-05-31,2023,5,2023-04-01,,Coats and jackets
Vintage 90s Nike Swoosh Hiking Waist Bag Fanny Pack,depop,0.0,35.0,5.0,0.0,5.84,29.16,2023-06-01,2023,6,2023-04-15,Nike,Accessories
Vintage Single Stitch Tattoo Patriotic Guns BlackTee Shirt,depop,0.0,12.0,6.0,0.0,2.88,9.120000000000001,2023-06-09,2023,6,2023-03-07,,Tops
Vintage Y2K Baggy Carpenter Jeans,depop,0.0,36.0,10.0,0.0,6.64,29.36,2024-06-02,2024,6,2024-05-09,Pepe Jeans,Bottoms
Vintage Y2K Baggy Rave Pants,depop,0.0,37.0,8.0,0.0,6.54,30.46,2024-06-03,2024,6,2024-05-24,American Vintage,Bottoms
Vintage Y2K Sapphire Lounge Skull Tribal Hoodie,depop,0.0,58.0,10.0,0.0,9.64,48.36,2024-06-04,2024,6,2024-05-05,American Vintage,Tops
Vintage Y2K Hoodie,depop,0.0,25.0,8.0,0.0,4.93,20.07,2024-06-08,2024,6,2024-05-23,Reebok,Tops
Vintage Y2K Southpole Hoodie,depop,0.0,36.1,9.0,0.0,6.539999999999999,29.560000000000002,2024-06-08,2024,6,2024-03-22,Southpole,Tops
Vintage Y2K Oakley Software Fleece Hoodie,depop,0.0,40.0,10.0,0.0,7.220000000000001,32.78,2024-06-09,2024,6,2024-05-20,Oakley,Tops
Fox Racing Jersey,depop,0.0,22.95,6.0,0.0,4.38,18.57,2024-06-10,2024,6,2023-12-28,Fox Racing,Tops
Vintage Y2K Baggy Wide Leg Track Pants,depop,0.0,27.0,8.0,0.0,5.23,21.77,2024-06-11,2024,6,2024-05-24,Polo Ralph Lauren,Bottoms
Vintage Y2K Diesel Baggy Jeans,depop,0.0,35.0,10.0,0.0,6.5600000000000005,28.439999999999998,2024-06-14,2024,6,2024-05-14,Diesel,Bottoms
Vintage Y2K Rocawear Baggy Faded Jeans,depop,0.0,32.0,10.0,0.0,6.11,25.89,2024-06-23,2024,6,2024-04-05,Rocawear,Bottoms
Vintage Y2K Baggy Faded Jeans,depop,0.0,28.0,10.0,0.0,5.5,22.5,2024-06-23,2024,6,2024-05-24,American Vintage,Bottoms
Vintage Y2K Marc Jacobs Brown Leather Purse,depop,0.0,48.0,8.0,0.0,8.04,39.96,2024-06-30,2024,6,2024-05-14,Marc Jacobs,Accessories
Vintage 90s Mercedes Benz Black Crewneck Sweatshirt,depop,0.0,45.0,8.0,0.0,7.619999999999999,37.38,2024-07-13,2024,7,2024-05-09,Mercedes-Benz,Tops
Vintage Y2K True Religion Baggy Jeans,depop,0.0,30.0,10.0,0.0,1.87,28.13,2024-07-23,2024,7,2024-07-19,True Religion,Bottoms
Vintage Playboi Carti Whole Lotta Red M&Ms Black T Shirt,depop,0.0,20.0,6.0,0.0,1.36,18.64,2024-07-24,2024,7,2024-07-23,American Vintage,Tops
bundle for shiningraquaza,depop,0.0,90.0,15.0,0.0,4.08,85.92,2024-07-25,2024,7,2024-07-25,American Vintage,Bottoms
Vintage Oakley Streetman Backpack,depop,0.0,27.0,7.0,0.0,1.65,25.35,2024-07-26,2024,7,2024-07-19,Oakley,Accessories
Vintage Y2K Tribal Style Hoodie,depop,0.0,27.0,9.0,0.0,5.24,21.759999999999998,2024-08-01,2024,8,2024-05-31,American Vintage,Tops
Vintage Y2K Baggy Jeans,depop,0.0,36.0,10.0,0.0,2.07,33.93,2024-08-02,2024,8,2024-07-27,Sean John,Bottoms
Vintage Y2K Macgear Baggy Shorts,depop,0.0,60.0,7.0,0.0,2.82,57.18,2024-08-08,2024,8,2024-08-07,American Vintage,Bottoms
Vintage Y2K Dr Marten Brown Oxford Shoe,depop,0.0,40.0,10.0,0.0,7.220000000000001,32.78,2024-08-09,2024,8,2024-05-20,Dr. Martens,Footwear
Vintage Y2K Baggy Jeans,depop,0.0,33.0,10.0,0.0,1.96,31.04,2024-08-09,2024,8,2024-08-05,American Vintage,Bottoms
Vintage Y2K Baggy Jeans,depop,0.0,32.0,10.0,0.0,1.84,30.16,2024-08-09,2024,8,2024-08-06,Ecko Unltd.,Bottoms
Vintage Y2K Phat Farm Baggy Faded Jeans,depop,0.0,36.0,10.0,0.0,6.68,29.32,2024-08-09,2024,8,2024-05-09,Phat Farm,Bottoms
Vintage Y2K Spitfire Broadheads Multicolor Red Orange Flame Black Snapback Hat C,depop,0.0,12.0,5.0,0.0,2.75,9.25,2024-08-11,2024,8,2023-11-15,Spitfire,Accessories
Vintage Y2K Levi’s Silvertab Baggy Jeans,depop,0.0,40.0,10.0,0.0,2.21,37.79,2024-08-11,2024,8,2024-08-07,Levi's,Bottoms
Vintage Y2K Full Zip Hoodie,depop,0.0,45.0,8.0,0.0,2.2,42.8,2024-08-13,2024,8,2024-08-12,Ecko Unltd.,Tops
Vintage Y2K Baggy Jeans,depop,0.0,32.0,10.0,0.0,1.92,30.08,2024-08-14,2024,8,2024-08-12,Sean John,Bottoms
Vintage Y2K Baggy Cargo Pants,depop,0.0,27.0,10.0,0.0,1.77,25.23,2024-08-14,2024,8,2024-08-12,American Vintage,Bottoms
Vintage Y2K Baggy Faded Jeans,depop,0.0,36.0,10.0,0.0,2.07,33.93,2024-08-15,2024,8,2024-08-12,Diesel,Bottoms
Vintage Y2K Southpole Baggy Faded Jeans,depop,0.0,85.0,10.0,0.0,3.85,81.15,2024-08-15,2024,8,2024-08-15,Southpole,Bottoms
Vintage Y2K Baggy Faded Jeans,depop,0.0,26.99,10.0,0.0,1.67,25.32,2024-08-15,2024,8,2024-08-06,Nautica,Bottoms
Vintage Y2K True Religion Baggy Jeans,depop,0.0,33.0,10.0,0.0,1.97,31.03,2024-08-16,2024,8,2024-08-06,True Religion,Bottoms
Vintage Y2K Ed Hardy Baggy Jorts,depop,0.0,60.0,8.0,0.0,2.88,57.12,2024-08-19,2024,8,2024-08-18,Ed Hardy,Bottoms
Vintage Y2K Marithe Francois Girbaud Baggy Jeans,depop,0.0,32.0,10.0,0.0,1.84,30.16,2024-08-20,2024,8,2024-08-19,Marithé + François Girbaud,Bottoms
Vintage Y2K Baggy Faded Jeans,depop,0.0,27.0,10.0,0.0,1.74,25.26,2024-08-21,2024,8,2024-08-19,American Vintage,Bottoms
Vintage Y2K Levis Silvertab Baggy Jeans,depop,0.0,45.0,10.0,0.0,2.36,42.64,2024-08-21,2024,8,2024-08-18,Levi's,Bottoms
Vintage Y2K Baggy Faded Jeans,depop,0.0,36.0,10.0,0.0,3.01,32.99,2024-08-23,2024,8,2024-08-10,American Vintage,Bottoms
Vintage Y2K Baggy Faded Jeans,depop,0.0,27.0,0.0,0.0,0.0,27.0,2024-08-23,2024,8,2024-08-19,American Vintage,Bottoms
Vintage Y2K Marc Ecko Unltd Cut & Sew Baggy Wide Leg Faded Dark wash Embroidered,depop,0.0,33.0,10.0,0.0,6.279999999999999,26.72,2024-08-24,2024,8,2024-02-14,Ecko Unltd.,Bottoms
Vintage Levis Silvertab Baggy Jeans,depop,0.0,45.0,10.0,0.0,2.27,42.73,2024-08-24,2024,8,2024-08-19,Levi's,Bottoms
Vintage Y2K Baggy Jeans,depop,0.0,27.0,10.0,0.0,1.67,25.33,2024-08-24,2024,8,2024-08-19,American Vintage,Bottoms
Vintage Y2K True Religion Baggy Jeans,depop,0.0,36.0,10.0,0.0,1.97,34.03,2024-08-24,2024,8,2024-08-19,True Religion,Bottoms
Vintage Y2K Baggy Jeans,depop,0.0,33.0,10.0,0.0,1.97,31.03,2024-08-24,2024,8,2024-08-19,American Vintage,Bottoms
Vintage Y2K Baggy Camo Cargo Pants,depop,0.0,31.5,10.0,0.0,1.88,29.62,2024-08-24,2024,8,2024-08-19,American Vintage,Bottoms
Vintage Y2K Baggy Jeans,depop,0.0,23.0,10.0,0.0,1.61,21.39,2024-08-24,2024,8,2024-08-19,American Vintage,Bottoms
Vintage Y2K Baggy Faded Jeans,depop,0.0,27.0,10.0,0.0,1.77,25.23,2024-08-25,2024,8,2024-08-19,Guess,Bottoms
Vintage Y2K Southpole Faded Baggy Jeans,depop,0.0,53.99,10.0,0.0,2.74,51.25,2024-08-26,2024,8,2024-08-19,Southpole,Bottoms
Vintage Y2K Baggy Cargo Pants,depop,0.0,25.0,10.0,0.0,1.7,23.3,2024-08-31,2024,8,2024-08-19,American Vintage,Bottoms
Vintage Y2K Levi’s 550 Lightwash Jeans,depop,0.0,20.0,8.0,0.0,4.25,15.75,2023-07-02,2023,7,2023-05-30,Levi's,Bottoms
Vintage The E Cap Chicago Bulls NBA Adjustable Snap Back Black Hat,depop,0.0,19.0,5.0,0.0,3.69,15.31,2023-07-09,2023,7,2023-04-15,NBA,Accessories
Vintage Y2K Navy Yellow Nike Tennis Zip Up Polo Shirt,depop,0.0,20.0,5.0,0.0,3.7800000000000002,16.22,2023-07-19,2023,7,2023-04-01,Nike,Tops
Carhartt Pink Sherpa Lined Zip Up Hoodie Jacket,depop,0.0,50.0,8.0,0.0,8.28,41.72,2023-07-28,2023,7,2023-05-19,Carhartt,Tops
Vintage 90s Apple Single Stitch Black T Shirt,depop,0.0,95.0,6.0,0.0,13.879999999999999,81.12,2023-08-14,2023,8,2023-04-27,Apple,Tops
Vintage Y2K Kirkland Signature Brown Corduroy Pants,depop,0.0,15.0,6.0,0.0,3.24,11.76,2023-08-26,2023,8,2023-04-16,,Bottoms
Vintage Y2K Light wash Levi’s 505 Distressed Jeans,depop,0.0,23.0,6.0,0.0,4.31,18.69,2023-08-30,2023,8,2023-04-15,Levi's,Bottoms
Vintage Y2K Light wash Carhartt Dungaree Cargo Painter Jeans Pants,depop,0.0,30.0,7.0,0.0,5.37,24.63,2023-09-07,2023,9,2023-09-05,Carhartt,Bottoms
Vintage Y2K Dickies Black Dungaree Painter Work Pants,depop,0.0,25.0,7.0,0.0,4.7700000000000005,20.23,2023-09-07,2023,9,2023-09-05,Dickies,Bottoms
Vintage Y2K Cyber Grunge Disney Kingdom Hearts Shirt,depop,0.0,25.0,5.0,0.0,4.51,20.490000000000002,2023-09-12,2023,9,2023-09-05,Disney,Tops
Vintage Y2K Nike Center Swoosh Green Crewneck Sweatshiirt,depop,0.0,28.0,7.0,0.0,5.16,22.84,2023-09-12,2023,9,2023-09-05,Nike,Tops
Vintage Y2K Carhartt Black Double Knee Work Pants Dungaree Fit,depop,0.0,50.0,9.0,0.0,8.45,41.55,2023-09-15,2023,9,2023-09-05,Carhartt,Bottoms
Vintage Faded Black Alan Jackson Who I Am Band Tee Shirt,depop,0.0,30.0,6.0,0.0,5.24,24.759999999999998,2023-09-21,2023,9,2023-09-21,Fruit of the Loom,Tops
Vintage 90s Green Sun Faded Blank Zip Up Hoodie,depop,0.0,30.0,6.0,0.0,5.33,24.67,2023-09-23,2023,9,2023-04-01,Other,Tops
Vintage 80s 90s Military Green Anorak Pullover Jacket,depop,0.0,45.0,10.0,0.0,7.77,37.230000000000004,2023-09-24,2023,9,2023-09-21,Other,Coats and jackets
NFL On Field Calvin Johnson Detroit Lions 81 Reebok Equipment,depop,0.0,40.0,6.0,0.0,6.6899999999999995,33.31,2023-09-26,2023,9,2023-09-21,NFL,Tops
Vintage Y2K Carhartt Tan / Cream Faded Double Knee Work Pants Dungaree Fit,depop,0.0,60.0,9.0,0.0,9.790000000000001,50.21,2023-09-26,2023,9,2023-09-05,Carhartt,Bottoms
Vintage 90s Alan Stuart Coogi Style Quarter Zip Sweater Made in USA,depop,0.0,22.0,7.0,0.0,4.37,17.63,2023-09-30,2023,9,2023-09-29,Other,Tops
Vintage Y2K Baggy Jeans,depop,0.0,45.0,10.0,0.0,2.38,42.62,2024-09-02,2024,9,2024-08-27,Avirex,Bottoms
Vintage Y2K Baggy Track Pants,depop,0.0,27.0,6.0,0.0,1.62,25.38,2024-09-02,2024,9,2024-08-19,American Vintage,Bottoms
Vintage Y2K Ecko Unltd Zip Up Hoodie Plaid,depop,0.0,38.25,10.0,0.0,6.86,31.39,2024-09-07,2024,9,2024-05-04,Ecko Unltd.,Tops
Vintage Y2K Baggy Jeans,depop,0.0,36.0,10.0,0.0,3.02,32.98,2024-09-07,2024,9,2024-08-27,American Vintage,Bottoms
Vintage Y2K Low Rise Flare Jeans,depop,0.0,27.0,0.0,0.0,0.0,27.0,2024-09-07,2024,9,2024-08-30,Rock and Republic,Bottoms
Vintage Y2K Dickies Zip Up Hooded Sweatshirt,depop,0.0,15.0,7.0,0.0,1.18,13.82,2024-09-08,2024,9,2024-08-19,Dickies,Tops
Nike Air Max 97 / 1 Sean Wotherspoon,depop,0.0,340.0,12.0,0.0,12.98,327.02,2024-09-15,2024,9,2024-08-09,Nike,Footwear
Vintage Y2K Baggy Faded Jeans,depop,0.0,31.5,10.0,0.0,6.07,25.43,2024-09-16,2024,9,2024-05-23,Rock and Republic,Bottoms
Vintage New Balance Mule,depop,0.0,36.0,10.0,0.0,2.04,33.96,2024-11-10,2024,11,2024-08-07,New Balance,Footwear
Vintage Y2K Russell Athletic Hoodie Red,depop,0.0,16.0,9.0,0.0,3.81,12.19,2024-11-12,2024,11,2024-05-29,Russell Athletic,Tops
Vintage Y2K Busch Gardens Tribal Sleeve Harley Davidson Biker Flame Style Gray L,depop,0.0,22.0,7.0,0.0,4.38,17.62,2024-11-20,2024,11,2024-03-05,American Vintage,Tops
Vintage Y2K Carhartt Light wash Blue Jeans,depop,0.0,25.0,6.0,0.0,4.57,20.43,2023-10-01,2023,10,2023-09-30,Carhartt,Bottoms
Vintage Made in USA Brown / Tan Double Knee Hunting Carpenter Work Pants,depop,0.0,25.0,8.0,0.0,4.9,20.1,2023-10-02,2023,10,2023-09-06,Other,Bottoms
Vintage Polo Ralph Lauren Light Wash Blue Patchwork Jeans,depop,0.0,50.0,8.0,0.0,8.3,41.7,2023-10-02,2023,10,2023-09-30,Polo Ralph Lauren,Bottoms
Vintage Y2K Carhartt Light wash Blue Painter Jeans,depop,0.0,23.0,7.0,0.0,4.4399999999999995,18.560000000000002,2023-10-02,2023,10,2023-09-30,Carhartt,Bottoms
Vintage Black Nike Track Jacket Windbreaker,depop,0.0,21.3,6.0,0.0,4.14,17.16,2023-10-03,2023,10,2023-03-07,Nike,Tops
Vintage Y2K Wrangler Light wash Blue Jort Jean Shorts,depop,0.0,12.0,5.0,0.0,2.71,9.29,2023-10-03,2023,10,2023-09-30,Wrangler,Bottoms
Vintage Y2K Bob Marley Black Weed Marijuana Smoke Hoodie,depop,0.0,28.0,7.0,0.0,5.2,22.8,2023-10-03,2023,10,2023-09-30,Other,Tops
Vintage Faded Forest Green Carhartt Sherpa Lined Zip Up Hooded Work Jacket,depop,0.0,50.0,15.0,0.0,9.19,40.81,2023-10-04,2023,10,2023-09-30,Carhartt,Coats and jackets
Vintage Y2K L.L. Bean Flame Navy Blue Beanie,depop,0.0,15.0,4.0,0.0,3.01,11.99,2023-10-05,2023,10,2023-09-30,L.L.Bean,Accessories
Vintage Eddie Bauer Rugby Polo Longsleeve,depop,0.0,20.0,6.0,0.0,3.96,16.04,2023-10-08,2023,10,2023-03-01,Eddie Bauer,Tops
Vintage Boxy Navy Thermal Blank Zip Up Sweatshirt,depop,0.0,23.0,7.0,0.0,4.52,18.48,2023-10-11,2023,10,2023-04-01,Yeezy,Tops
Vintage Y2K Reebok NFL Players Tom Brady Patriots Home Navy Jersey,depop,0.0,21.6,5.0,0.0,4.04,17.560000000000002,2023-10-12,2023,10,2023-04-01,Reebok,Tops
Supreme Junya Watanabe CDG Man Beanie Red Stripe,depop,0.0,110.0,5.0,0.0,16.08,93.92,2023-10-12,2023,10,2023-03-21,Supreme,Accessories
Vintage IOU Black Leather Bomber Coat Moto Jacket,depop,0.0,37.0,7.99,0.0,6.55,30.45,2023-10-12,2023,10,2023-09-30,Other,Coats and jackets
Vintage 90s Faded Black Transformers Tee Shirt,depop,0.0,30.0,0.0,0.0,6.84,23.16,2023-10-14,2023,10,2023-05-20,Other,Tops
Vintage Y2K Carhartt Dark Faded Green Work Hooded Zip Up Jacket,depop,0.0,65.0,0.0,0.0,6.5,58.5,2023-10-14,2023,10,2023-09-30,Carhartt,Coats and jackets
Vintage Y2K Nike ACG Brown Air Hiking Trail Cycling Low Boots Shoes,depop,0.0,45.0,10.0,0.0,7.9,37.1,2023-10-15,2023,10,2023-10-09,Nike ACG,Footwear
Vintage Y2K Puma Box logo Navy T-shirt,depop,0.0,15.0,5.0,0.0,3.17,11.83,2023-10-16,2023,10,2023-09-30,Puma,Tops
Vintage Navy Blue Mystic Valley Gun Club Pistol Team Zip Up Work Chore Jacket,depop,0.0,35.0,8.0,0.0,6.17,28.83,2023-10-17,2023,10,2023-10-09,American Vintage,Coats and jackets
trade post for @roomateclothing !,depop,0.0,1.0,6.0,0.0,1.4,-0.3999999999999999,2023-10-23,2023,10,2023-10-23,American Vintage,Tops
Vintage Y2K Gray Tommy Hilfiger Big Logo Sweater,depop,0.0,25.0,7.0,0.0,4.76,20.240000000000002,2023-10-27,2023,10,2023-04-01,Tommy Hilfiger,Tops
Revice Denim x Realtree The Amelia Oakland Baggy Wide Leg Camo Cargo Pants,depop,0.0,50.0,9.0,0.0,8.42,41.58,2023-11-07,2023,11,2023-11-06,Revice,Bottoms
Vintage Y2K Carhartt Vest Beige Tan Khaki Sherpa Lined Canvas Workwear Vest,depop,0.0,45.0,10.0,0.0,7.91,37.09,2023-11-07,2023,11,2023-11-06,Carhartt,Coats and jackets
Vintage Y2K Nascar All Over Print AOP Magic Mile New Hampshire White T Shirt,depop,0.0,80.0,7.0,0.0,12.02,67.98,2023-11-07,2023,11,2023-08-01,NASCAR,Tops
Vintage Y2K Mossy Oak Breakup Infinity Camo Hunting Baggy Pants,depop,0.0,30.0,8.0,0.0,5.62,24.38,2023-11-09,2023,11,2023-11-06,Mossy Oak,Bottoms
Vintage Y2K I Heart Love Japan Black Tee Shirt,depop,0.0,16.5,5.0,0.0,3.36,13.14,2023-11-09,2023,11,2023-10-09,American Vintage,Tops
Vintage New England Patriots Apex One NFL Pro Line Full Zip Down Jacket,depop,0.0,60.0,15.0,0.0,10.64,49.36,2023-11-11,2023,11,2023-10-09,NFL,Coats and jackets
Vintage Y2K True Religion Denim Jean Trucker Jacket Acid Wash,depop,0.0,35.0,10.0,0.0,6.529999999999999,28.47,2023-11-12,2023,11,2023-11-07,True Religion,Coats and jackets
Vintage Polo Ralph Lauren Rugby Shirt Striped Long Sleeve Green Blue Navy,depop,0.0,28.0,8.0,0.0,5.24,22.759999999999998,2023-11-12,2023,11,2023-11-06,Polo Ralph Lauren,Tops
Vintage Polo Jeans Co Ralph Lauren Ribbed Knit Red Navy Sweater,depop,0.0,20.0,7.0,0.0,4.09,15.91,2023-11-13,2023,11,2023-11-06,Ralph Lauren,Tops
Vintage Y2K Levi's Silvertab Khaki Gray ish Green Cargo Pants,depop,0.0,40.0,9.0,0.0,6.970000000000001,33.03,2023-11-13,2023,11,2023-11-07,Levi's,Bottoms
Vintage Y2K Joe Boxer Baggy Wide Leg Fit Burgundy Red Sweatpants,depop,0.0,15.0,8.0,0.0,3.5599999999999996,11.440000000000001,2023-11-14,2023,11,2023-11-06,Joe Boxer,Bottoms
Vintage Faded Brown Tan Carhartt Hooded Work Jacket Union Made in USA,depop,0.0,55.0,10.0,0.0,10.780000000000001,44.22,2023-11-16,2023,11,2023-09-29,Carhartt,Coats and jackets
Vintage Made in USA Russell Athletic Teal Blue Hoodie,depop,0.0,45.0,0.0,0.0,4.5,40.5,2023-11-16,2023,11,2023-10-09,Russell Athletic,Tops
Vintage 80s OG 507 US Army Military Olive Green Fatigue Pants,depop,0.0,32.0,9.0,0.0,5.8999999999999995,26.1,2023-11-16,2023,11,2023-11-07,American Vintage,Bottoms
Vintage Y2K Eddie Bauer Gray Cargo Pants,depop,0.0,20.0,10.0,0.0,4.53,15.469999999999999,2023-11-17,2023,11,2023-11-07,Eddie Bauer,Bottoms
Vintage Military US Army Camouflage Chemical Protective Field Zip Up Jacket,depop,0.0,30.0,10.0,0.0,5.77,24.23,2023-11-18,2023,11,2023-11-06,American Vintage,Coats and jackets
Vintage Black Military Outdoor Clothing Cargo Pants,depop,0.0,20.0,7.0,0.0,4.08,15.92,2023-11-19,2023,11,2023-09-21,Other,Bottoms
Vintage 90s Tommy Hilfiger Wide Leg Baggy Blue Carpenter Jeans Denim,depop,0.0,30.0,10.0,0.0,5.87,24.13,2023-11-19,2023,11,2023-11-19,Tommy Hilfiger,Bottoms
Vintage Y2K Nike Black Wide Leg Baggy Track Sweat Pants,depop,0.0,23.0,7.0,0.0,4.52,18.48,2023-11-20,2023,11,2023-11-19,Nike,Bottoms
Vintage OG 507 US Army Military Olive Green Fatigue Pants,depop,0.0,25.0,10.0,0.0,5.16,19.84,2023-11-20,2023,11,2023-11-19,American Vintage,Bottoms
Vintage Y2K Diesel Industries Jeans Dark Gray Distressed Jeans,depop,0.0,23.3,10.0,0.0,4.88,18.42,2023-11-20,2023,11,2023-11-16,Diesel,Bottoms
Vintage Disney Mickey & Co Mickey Mouse Navy Baseball Hat Cap,depop,0.0,15.0,5.0,0.0,3.16,11.84,2023-11-20,2023,11,2023-11-20,Disney,Accessories
Vintage 1993 Looney Tunes Taz Tasmanian Devil Purple Washed Black Single Stitch ,depop,0.0,30.0,6.0,0.0,5.24,24.759999999999998,2023-11-22,2023,11,2023-05-30,Looney Tunes,Tops
Vintage Coogi Style Multicolor Boxy Fit Cardigan,depop,0.0,30.0,10.0,0.0,6.3100000000000005,23.689999999999998,2023-11-22,2023,11,2023-11-14,American Vintage,Tops
Vintage Y2K Levi’s Silver Tab Baggy Wide Leg Darkwash Blue Jeans,depop,0.0,40.0,0.0,0.0,5.0,35.0,2023-11-22,2023,11,2023-11-19,Levi's,Bottoms
Vintage Carhartt Faded Distressed Tan Hooded Zip Up Canvas Work Jacket,depop,0.0,90.0,10.0,0.0,13.93,76.07,2023-11-23,2023,11,2023-05-20,Carhartt,Coats and jackets
Vintage 90s Goorin Bros Flame Beanie,depop,0.0,20.0,5.0,0.0,3.83,16.17,2023-11-23,2023,11,2023-11-17,Goorin Bros.,Accessories
Y2K Tommy Hilfiger Shell Waster Resistant Rain Windbreaker Jacket,depop,0.0,28.0,8.0,0.0,5.29,22.71,2023-11-24,2023,11,2023-05-15,Tommy Hilfiger,Coats and jackets
Vintage Y2K Carhartt Gray Canvas Dungaree Workwear Straight Fit Jeans,depop,0.0,22.0,9.0,0.0,4.65,17.35,2023-11-25,2023,11,2023-11-07,Carhartt,Bottoms
Vintage Y2K Carhartt Black Rain Defender Quarter Zip Hoodie,depop,0.0,27.0,7.0,0.0,5.06,21.94,2023-11-27,2023,11,2023-11-27,Carhartt,Tops
Vintage Y2K Tommy Hilfiger Wide Leg Baggy Blue Jeans,depop,0.0,28.0,10.0,0.0,5.6,22.4,2023-11-28,2023,11,2023-11-19,Tommy Hilfiger,Bottoms
Vintage Carhartt Black Quilt Lined Hooded Canvas Work Zip Up Jacket Union Made i,depop,0.0,70.0,15.0,0.0,11.89,58.11,2023-11-28,2023,11,2023-11-27,Carhartt,Coats and jackets
Vintage Y2K Polo Ralph Lauren Navy Zip Up Plaid Work Jacket,depop,0.0,20.0,8.0,0.0,4.25,15.75,2023-11-28,2023,11,2023-11-28,Polo Ralph Lauren,Coats and jackets
Vintage Y2K Carhartt Faded Gray Workwear Canvas Dungaree Pants Jeans,depop,0.0,25.0,10.0,0.0,5.1899999999999995,19.810000000000002,2023-11-28,2023,11,2023-11-27,Carhartt,Bottoms
Vintage Y2K Buffalo Faded Baggy Black / Dark Blue Gray Wash Wide Leg Jeans,depop,0.0,30.0,10.0,0.0,5.87,24.13,2023-11-28,2023,11,2023-11-27,Buffalo David Bitton,Bottoms
Vintage Y2K Cyber Grunge Blue Lightwash Jeans,depop,0.0,20.0,7.0,0.0,4.04,15.96,2023-11-29,2023,11,2023-11-27,Seven7,Bottoms
Vintage Y2K Levi’s Silvertab Darkwash Blue Jeans,depop,0.0,40.0,10.0,0.0,7.220000000000001,32.78,2023-11-30,2023,11,2023-11-06,Levi's,Bottoms
Vintage Y2K Southpole Wide Leg Faded Lightwash Baggy Jeans,depop,0.0,40.0,10.0,0.0,7.2,32.8,2023-12-01,2023,12,2023-11-17,Southpole,Bottoms
Vintage Y2K Polo Ralph Lauren Tuxedo Polo Bear Black Long Sleeve Tee Shirt,depop,0.0,22.0,5.0,0.0,4.1,17.9,2023-12-02,2023,12,2023-11-27,Polo Ralph Lauren,Tops
Timberland Tan Leather Wheat Butter 6 in Premium Boots,depop,0.0,40.0,15.0,0.0,7.77,32.230000000000004,2023-12-02,2023,12,2023-11-14,Timberland,Footwear
Vintage Y2K Levis White Tag Khaki Cargo Pants,depop,0.0,25.0,10.0,0.0,5.1899999999999995,19.810000000000002,2023-12-04,2023,12,2023-11-27,Levi's,Bottoms
Vintage Y2K Polo Jeans Yellow Full Zip Up Bape Style Cropped Boxy Hoodie Sweatsh,depop,0.0,25.0,5.0,0.0,4.52,20.48,2023-12-05,2023,12,2023-11-28,Polo Ralph Lauren,Tops
Vintage Y2K American Rags Faded Black Wide Leg Baggy Jeans,depop,0.0,20.0,10.0,0.0,4.5,15.5,2023-12-08,2023,12,2023-11-27,American Vintage,Bottoms
Vintage Y2K Dickies Blue Carpenter Wide Leg Baggy Jeans,depop,0.0,12.8,10.0,0.0,3.5199999999999996,9.280000000000001,2023-12-10,2023,12,2023-11-27,Dickies,Bottoms
Vintage Y2K Bilt Iron Workers DuPoint Kevlar Padded Double Knee Lightwash Blue M,depop,0.0,35.0,10.0,0.0,6.54,28.46,2023-12-11,2023,12,2023-11-27,American Vintage,Bottoms
Vintage Y2K Phat Farm Baggy Wide Leg Darkwash Blue Jeans Denim,depop,0.0,20.0,10.0,0.0,4.5,15.5,2023-12-13,2023,12,2023-11-19,Phat Farm,Bottoms
Vintage Y2K Dickies Carpenter Wide Leg Baggy Blue Jeans,depop,0.0,15.0,10.0,0.0,3.84,11.16,2023-12-17,2023,12,2023-11-27,Dickies,Bottoms
Vintage Y2K Realtree Camo Baseball Hat Cap,depop,0.0,15.0,5.0,0.0,3.16,11.84,2023-12-17,2023,12,2023-11-28,Realtree,Accessories
Vintage Y2K Realtree Camo Camouflage Shorts,depop,0.0,17.0,5.0,0.0,3.43,13.57,2023-12-22,2023,12,2023-11-14,Realtree,Bottoms
Vintage Y2K Sun Faded DIstressed Navy Blank Champion Hoodie,depop,0.0,20.0,10.0,0.0,4.5,15.5,2023-12-23,2023,12,2023-11-16,Champion,Tops
Vintage Y2K Ecko Unlimited Carpenter Jean Shorts Darkwash Blue Jorts,depop,0.0,20.0,6.0,0.0,3.97,16.03,2023-12-28,2023,12,2023-11-28,Ecko Unltd.,Bottoms
"Vintage 90s 1996 John Lennon ""You May Say I'm A Dreamer"" NYC Double Sided Black ",depop,0.0,25.0,7.0,0.0,4.71,20.29,2023-12-28,2023,12,2023-11-28,American Vintage,Tops
Coach Signature Light Brown / Tan Knit Logo Beanie,depop,0.0,17.0,5.0,0.0,3.4400000000000004,13.559999999999999,2023-12-28,2023,12,2023-09-06,Coach,Accessories
Vintage Y2K Rocawear Embroidered Logo Baggy Wide Leg Black Jeans,depop,0.0,30.0,10.0,0.0,5.77,24.23,2024-01-01,2024,1,2023-12-27,Rocawear,Bottoms
Adidas OG Samba Black White Gum Shoes Soccer Sneakers,depop,0.0,55.0,12.0,0.0,9.45,45.55,2024-01-02,2024,1,2024-01-01,Adidas,Footwear
Vintage Y2K Avirex Sons of Mayhem Wide Leg Baggy Multicolor Jeans,depop,0.0,75.0,10.0,0.0,11.76,63.24,2024-01-02,2024,1,2023-12-28,Avirex,Bottoms
Birkenstock Boston Clog Brown / Gray color,depop,0.0,40.0,10.0,0.0,7.1,32.9,2024-01-03,2024,1,2024-01-02,Birkenstock,Footwear
Vintage Y2K Do Denim Cross Studded Affliction Style Brown Faded Zip Up Sweatshir,depop,0.0,35.0,8.0,0.0,6.26,28.740000000000002,2024-01-03,2024,1,2024-01-01,Affliction,Tops
Vintage Y2K Enyce Brown Baggy Wide Leg Hip Hop Embroidered Jeans,depop,0.0,29.75,10.0,0.0,5.84,23.91,2024-01-04,2024,1,2024-01-01,Enyce,Bottoms
**ANONYMIZED**,depop,0.0,35.0,9.0,0.0,6.300000000000001,28.7,2024-01-04,2024,1,2024-01-02,Affliction,Tops
Vintage Y2K Brooklyn 70 Baggy Wide Leg Distressed Faded Embroidery Light wash Bl,depop,0.0,30.0,10.0,0.0,5.85,24.15,2024-01-05,2024,1,2024-01-01,American Vintage,Bottoms
Vintage Bape Black Yellow Batman Bapesta Roadsta,depop,0.0,25.0,10.0,0.0,5.11,19.89,2024-01-05,2024,1,2024-01-02,A Bathing Ape (BAPE),Footwear
Vintage Y2K Forest Green Cable Knit Christmas Wool Sweater,depop,0.0,25.0,8.0,0.0,4.93,20.07,2024-01-05,2024,1,2023-12-28,American Vintage,Tops
Vintage Y2K Carhartt Flannel Lined Black Canvas Workwear Dungaree Pants,depop,0.0,22.0,10.0,0.0,4.76,17.240000000000002,2024-01-08,2024,1,2023-11-27,Carhartt,Bottoms
Vintage Y2K Russell Athletic Blank Navy Blue Hoodie Sweatshirt,depop,0.0,24.0,8.0,0.0,4.7700000000000005,19.23,2024-01-09,2024,1,2023-11-28,Russell Athletic,Tops
Vintage Y2K Marni Style Zip Up Hoodie Sweatshirt,depop,0.0,20.0,6.0,0.0,3.95,16.05,2024-01-11,2024,1,2023-12-29,American Vintage,Tops
Vintage Y2K Kani Gold Wide Leg Baggy Jeans Darkwash Faded Jeans,depop,0.0,38.3,10.0,0.0,6.970000000000001,31.33,2024-01-12,2024,1,2024-01-01,American Vintage,Bottoms
Vintage Nike ACG Torre Mid Hiking Boot Brown Black,depop,0.0,55.0,12.0,0.0,9.52,45.480000000000004,2024-01-12,2024,1,2024-01-11,Nike ACG,Footwear
Vintage Y2K Bath Rugby Jersey Polo Blue White Black,depop,0.0,25.0,6.0,0.0,4.640000000000001,20.36,2024-01-12,2024,1,2024-01-02,Canterbury,Tops
Vintage Y2K Capsmith Inc Flame Beanie,depop,0.0,15.0,5.0,0.0,3.1799999999999997,11.82,2024-01-12,2024,1,2024-01-01,American Vintage,Accessories
Vintage Y2K Remixed Baggy Wide Leg Black Enbroidered Jeans,depop,0.0,28.0,10.0,0.0,5.59,22.41,2024-01-15,2024,1,2024-01-11,American Vintage,Bottoms
Vintage Y2K Jinzu Baggy Wide Leg Embroidered Blue Jeans,depop,0.0,31.5,10.0,0.0,6.050000000000001,25.45,2024-01-16,2024,1,2024-01-11,American Vintage,Bottoms
Vintage Y2K Polo Ralph Lauren Faded Navy Blue Zip Up Work Jacket,depop,0.0,26.1,10.0,0.0,5.35,20.75,2024-01-17,2024,1,2024-01-02,Polo Ralph Lauren,Coats and jackets
Vintage Y2K 2008 Faded Biker Laconia Weirs Beach Bike Week Black Longsleeve T Sh,depop,0.0,22.0,7.0,0.0,4.37,17.63,2024-01-17,2024,1,2023-11-16,American Vintage,Tops
Vintage Y2K Dickies Wide Leg Baggy Navy Blue Carpenter Jeans,depop,0.0,27.0,10.0,0.0,5.45,21.55,2024-01-17,2024,1,2024-01-15,Dickies,Bottoms
Vintage Y2K Rocawear Baggy Wide Leg Dark wash Embroidered Blue Jeans,depop,0.0,38.25,10.0,0.0,6.99,31.259999999999998,2024-01-18,2024,1,2024-01-11,Rocawear,Bottoms
Vintage Y2K Polo Ralph Lauren Green Yellow Navy Rugby Jersey Long Sleeve Shirt,depop,0.0,34.0,8.0,0.0,6.04,27.96,2024-01-19,2024,1,2024-01-15,Polo Ralph Lauren,Tops
Vintage Y2K Suede Leather Denim Reversible ZIp Up Work Jacket,depop,0.0,20.0,10.0,0.0,4.52,15.48,2024-01-19,2024,1,2024-01-02,American Vintage,Coats and jackets
Vintage Y2K Phat Farm Embroidered Pattern Wide Leg Baggy Navy Dark wash Jeans,depop,0.0,40.0,10.0,0.0,7.220000000000001,32.78,2024-01-20,2024,1,2024-01-01,Phat Farm,Bottoms
**ANONYMIZED**,depop,0.0,36.0,10.0,0.0,6.66,29.34,2024-01-22,2024,1,2024-01-15,Ecko Unltd.,Bottoms
Diesel Navy White Big Logo Hoodie,depop,0.0,60.0,10.0,0.0,9.76,50.24,2024-01-23,2024,1,2024-01-15,Diesel,Tops
Vintage Y2K Levi’s Silver Tab Forest Green Baggy Wide Leg Jeans Pants,depop,0.0,42.0,10.0,0.0,7.49,34.51,2024-01-24,2024,1,2024-01-11,Levi's,Bottoms
Vintage Y2K Guess Jeans Baggy Wide Leg Faded Black Jeans,depop,0.0,30.0,10.0,0.0,5.89,24.11,2024-01-24,2024,1,2024-01-11,Guess,Bottoms
Vintage Y2K North Face Gray Baggy Wide Leg Canvas Workwear Jeans Pants,depop,0.0,25.0,10.0,0.0,5.18,19.82,2024-01-25,2024,1,2024-01-25,The North Face,Bottoms
Vintage Made in USA Russell Athletic Teal Blue Hoodie,depop,0.0,39.7,9.0,0.0,7.02,32.68000000000001,2024-01-27,2024,1,2023-12-29,Russell Athletic,Tops
Vintage Y2K True Religion Baggy Wide Leg Dark Wash Embroidered Blue Jeans,depop,0.0,32.0,10.0,0.0,6.140000000000001,25.86,2024-01-27,2024,1,2024-01-11,True Religion,Bottoms
Vintage Y2K Southpole Baggy Wide Leg Light wash Jorts Denim Shorts,depop,0.0,25.0,6.0,0.0,4.95,20.05,2024-01-28,2024,1,2024-01-24,Southpole,Bottoms
Vintage Y2K Southpole Baggy Wide Leg Dark wash Faded Jorts Denim Shorts,depop,0.0,25.0,0.0,0.0,3.1,21.9,2024-01-28,2024,1,2024-01-27,Southpole,Bottoms
Vintage Y2K Mecca Baggy Wide Leg Embroidered Navy Blue Dark wash Jeans,depop,0.0,31.5,10.0,0.0,6.03,25.47,2024-01-29,2024,1,2024-01-18,American Vintage,Bottoms
Vintage Y2K American Eagle Outfitters Baggy Wide Leg Tan Khaki Cream Cargo Pants,depop,0.0,23.1,10.0,0.0,4.93,18.17,2024-01-30,2024,1,2024-01-02,American Eagle Outfitters,Bottoms
Vintage Y2K Nike Air Max 95 Tour Yellow Gray,depop,0.0,24.0,12.0,0.0,5.24,18.759999999999998,2024-01-31,2024,1,2024-01-11,Nike,Footwear
Vintage Y2K Ecko Unltd Baggy Wide Leg Dark wash Faded Embroidered Blue Jeans,depop,0.0,36.0,10.0,0.0,6.66,29.34,2024-02-01,2024,2,2024-01-11,Ecko Unltd.,Bottoms
Vintage Y2K Marithe Francois Girbaud MFG Light wash Blue Jean Shorts Jorts,depop,0.0,22.95,6.0,0.0,4.37,18.58,2024-02-03,2024,2,2024-01-02,Marithé + François Girbaud,Bottoms
Vintage 90s Asics Purple Multicolor Ski Jacket,depop,0.0,18.1,8.0,0.0,3.92,14.180000000000001,2024-02-05,2024,2,2024-01-11,ASICS,Coats and jackets
Vintage Y2K Diesel Industries Straight Leg Dark wash Faded Blue Jeans,depop,0.0,25.0,10.0,0.0,5.1899999999999995,19.810000000000002,2024-02-11,2024,2,2024-02-10,Diesel,Bottoms
Vintage Y2K Southpole Jeans White Blue Turtleneck Sweater Ribbed Crewneck,depop,0.0,27.0,10.0,0.0,5.470000000000001,21.53,2024-02-13,2024,2,2023-12-27,Southpole,Tops
Vintage Y2K US Polo Assn Baggy Wide Leg Darkwash Navy Blue Embroidered Jeans,depop,0.0,25.0,10.0,0.0,5.17,19.83,2024-02-14,2024,2,2024-01-16,U.S. Polo Assn.,Bottoms
Vintage Y2K Ed Hardy Style Dragon Cashmere Ray's Long Sleeve Black Top Sweater,depop,0.0,15.0,5.0,0.0,3.15,11.85,2024-02-14,2024,2,2024-01-02,American Vintage,Tops
Vintage Y2K RichKidJeans Baggy Wide Leg Embroidered Black Jeans,depop,0.0,36.0,10.0,0.0,6.66,29.34,2024-02-15,2024,2,2024-02-10,American Vintage,Bottoms
Vintage Y2K Faded Glory Baggy Wide Leg Carpenter Cargo Dark wash Navy Blue Jeans,depop,0.0,33.0,10.0,0.0,6.279999999999999,26.72,2024-02-15,2024,2,2024-02-10,Faded Glory,Bottoms
Vintage Y2K Ecko Unltd Cyber Grunge Jesse Pinkman Style Black White Polo,depop,0.0,27.0,6.0,0.0,4.92,22.08,2024-02-16,2024,2,2024-02-10,Ecko Unltd.,Tops
Vintage Y2K Sacred Crown Baggy Wide Leg Darkwash Navy Blue Embroidered Jeans,depop,0.0,27.0,10.0,0.0,5.37,21.63,2024-02-17,2024,2,2024-02-14,American Vintage,Bottoms
Vintage Y2K Carhartt Cream Tan Khaki Baggy Straight Leg Workwear Canvas Jeans Pa,depop,0.0,27.0,10.0,0.0,5.37,21.63,2024-02-18,2024,2,2024-01-25,Carhartt,Bottoms
Vintage Y2K Southpole Early 2000s Embroidered Black Pullover Hoodie,depop,0.0,63.0,10.0,0.0,10.32,52.68,2024-02-21,2024,2,2024-02-16,Southpole,Tops
Vintage Y2K No Fear Flame Grunge Skater Faded Gray Hoodie,depop,0.0,63.0,10.0,0.0,10.36,52.64,2024-02-28,2024,2,2024-02-16,No Fear,Tops
Vintage Y2K Baggy Jeans,depop,0.0,25.0,10.0,0.0,1.68,23.32,2024-12-13,2024,12,2024-08-19,American Vintage,Bottoms
Vintage Y2K Baggy Carpenter Pants,depop,0.0,24.0,10.0,0.0,1.62,22.38,2025-01-07,2025,1,2025-01-02,Dickies,Bottoms
Vintage Y2K Baggy Jeans,depop,0.0,30.0,10.0,0.0,1.84,28.16,2025-01-07,2025,1,2025-01-06,American Vintage,Bottoms
Vintage Y2K Southpole Baggy Faded Jeans,depop,0.0,54.0,10.0,0.0,2.72,51.28,2025-01-09,2025,1,2025-01-09,Southpole,Bottoms
Vintage Y2K Full Zip Hoodie,depop,0.0,40.0,10.0,0.0,2.21,37.79,2025-01-09,2025,1,2025-01-06,American Vintage,Tops
Vintage Y2K Baggy Cargo Pants,depop,0.0,25.0,10.0,0.0,1.65,23.35,2025-01-12,2025,1,2025-01-09,American Vintage,Bottoms
KTwo Selvedge 14 oz Denim,depop,0.0,285.0,10.0,0.0,10.95,274.05,2025-01-13,2025,1,2025-01-10,Other,Bottoms
Vintage Y2K Baggy Jeans,depop,0.0,25.0,10.0,0.0,1.67,23.33,2025-01-16,2025,1,2025-01-09,American Vintage,Bottoms
Vintage Y2K Baggy Pants,depop,0.0,23.0,10.0,0.0,1.62,21.38,2025-01-16,2025,1,2025-01-09,American Vintage,Bottoms
Vintage Y2K Track Pants,depop,0.0,14.4,6.0,0.0,1.17,13.23,2025-01-17,2025,1,2025-01-09,American Vintage,Bottoms
Vintage Y2K Baggy Pants,depop,0.0,24.0,9.0,0.0,1.54,22.46,2025-01-18,2025,1,2025-01-09,No Boundaries,Bottoms
Vintage Y2K Baggy Camo Pants,depop,0.0,27.0,10.0,0.0,1.67,25.33,2025-01-31,2025,1,2025-01-09,Steve & Barry's,Bottoms
Jeremy Scott Adidas Wings Sneakers,depop,0.0,85.0,10.0,0.0,13.32,71.68,2025-02-15,2025,2,2024-05-31,Jeremy Scott,Footwear
