name,platform,cog,revenue,item_subtotal,shipping_charged,platform_fee,net_payout,sold_date,sold_year,sold_month
Nike Kobe 8 Protro Court Purple White FQ3549-100 Men's Size 11.5 In Hand!,ebay,0.0,255.0,255.0,0.0,20.4,234.6,2024-03-27,2024,3
RARE New in Box Pentax K1000 35mm SLR Film Camera Body,ebay,0.0,182.8,165.0,17.8,26.68,156.12,2024-03-26,2024,3
Vanson Black LeatherMotorcycle Riding Pants Size: 40 - Excellent Condition,ebay,0.0,196.65,175.0,21.65,28.77,167.88,2024-03-25,2024,3
Vintage Dracula w/Light Up Skull 1980s TELCO MOTIONETTE 2FT Motion Vampire 24”,ebay,0.0,117.55,85.0,32.55,17.259999999999998,100.29,2024-03-16,2024,3
Nike Air Jordan Retro 1 High OG ‘Metallic Navy’ 555088-106 Mens Size 13,ebay,0.0,93.54,79.99,13.55,13.65,79.89,2024-03-08,2024,3
Hoka One One Bondi 8 Womens 7 D Wide Shoes Blue Running Walking 1127954 SSCA,ebay,0.0,79.99,79.99,0.0,10.9,69.09,2024-03-05,2024,3
Vintage Spider-Man Shirt Mens XXXL White Marvel By Johnny Blaze Embroidered RARE,ebay,0.0,78.0,69.0,9.0,11.440000000000001,66.56,2024-02-26,2024,2
Vintage Southpole Long Sleeve Allover AOP Samurai Graphic Shirt Men’s XXL Bundle,ebay,0.0,75.7,60.0,15.7,10.33,64.12,2024-02-14,2024,2
EMSI Flex It Electrical Stimulation Tens Machine Unit BUNDLE BATTERY Pads Cables,ebay,0.0,73.3,65.0,8.3,10.66,62.64,2024-01-27,2024,1
New Balance Mens 990V5 Athletic Shoes Black Suede Mesh Lace Up Made in USA 9.5,ebay,0.0,71.39,59.99,11.4,9.760000000000002,61.63,2024-01-23,2024,1
KUHL Free Rydr Green Heavy Workwear Vintage Patina Dye Pants Mens Size 35 x 34,ebay,0.0,60.99,49.99,11.0,8.780000000000001,52.21,2024-01-17,2024,1
Vintage 1970s Levi’s Orange Tab Flare Bell Bottom Jeans 32 x 33 USA Light Wash,ebay,0.0,131.81,124.99,6.82,17.86,113.95,2024-06-28,2024,6
Tim Duncan NBA Reebok #21 San Antonio Spurs VINTAGE Men's XL White Jersey,ebay,0.0,41.32,34.99,6.33,6.4,34.92,2024-06-27,2024,6
Vintage Reebok San Antonio Spurs Tim Duncan Jersey Mens Size XL Extra Large,ebay,0.0,41.22,34.99,6.23,6.3100000000000005,34.91,2024-06-27,2024,6
On Cloud Cloudflow Men’s Swiss Running Shoes Sneakers Rust Red Pacific Blue 8.5,ebay,0.0,47.15,39.99,7.16,6.65,40.5,2024-06-26,2024,6
Polo Ralph Lauren Yale College University Tiger P Wing Hoodie Size M,ebay,0.0,36.08,29.99,6.09,5.53,30.55,2024-06-25,2024,6
Vintage ORVIS Battenkill Duffel Bag Canvas Leather Buckle Strap Luggage 28”,ebay,0.0,192.26,149.99,42.27,27.7,164.56,2024-06-18,2024,6
Nike Kobe 8 System Sulfur Electric 2012 sz 10.5 Black Mamba Zoom Lakers Yellow,ebay,0.0,190.0,190.0,0.0,16.45,173.55,2024-06-13,2024,6
New Balance 993 Mens Shoe 11.5 Made In USA Gray Running Sneakers MR993GL ,ebay,0.0,60.92,49.99,10.93,8.98,51.94,2024-06-10,2024,6
Osprey Aura 65 Women Medium Backpack Desert Sand,ebay,0.0,134.34,119.99,14.35,19.4,114.94,2024-06-09,2024,6
Mezlan Trento Brown Penny Loafers - Size 9.5 M Style 83766,ebay,0.0,43.12,35.0,8.12,6.53,36.59,2024-06-02,2024,6
Avirex Flight Bomber Type A-2 USAAF Brown Leather Jacket Men's Medium M USA Made,ebay,0.0,147.42,125.0,22.42,21.509999999999998,125.91,2024-06-02,2024,6
Nike Shoes Blue Red Basketball Sneakers Kobe Bryant Mamba Mentality Ad Size 13,ebay,0.0,100.0,100.0,0.0,14.94,85.06,2024-05-31,2024,5
"Birkenstock Madrid Big Buckle, White Gold - Size 10/EU41, excellent condition",ebay,0.0,57.15,49.99,7.16,8.43,48.72,2024-05-31,2024,5
Rob Gronkowski Nike On Field New England Patriots Super Bowl LI 51 Jersey Sz XXL,ebay,0.0,65.69,49.99,15.7,9.73,55.96,2024-05-29,2024,5
"Twin Peaks (VHS, 1991) David Lynch Unbroadcasted Footage! RARE VHS",ebay,0.0,39.13,35.0,4.13,6.6000000000000005,32.53,2024-05-25,2024,5
"TANK GIRL (VHS, 1995, Movie Time) MGM Lori Petty Ice-T Comedy",ebay,0.0,14.12,9.99,4.13,2.6999999999999997,11.42,2024-05-25,2024,5
Vintage Juicy Couture Tracksuit Matching Set Black XS S Jacket Pants Terry Y2k,ebay,0.0,105.7,90.0,15.7,15.540000000000001,90.16,2024-05-24,2024,5
LULULEMON Kahuna Shorts Men’s Size 32 Flat Front Pockets Golf Gray,ebay,0.0,25.52,20.0,5.52,3.78,21.74,2024-05-23,2024,5
NIKE FLYKNIT LUNAR 3 USED SIZE 12 BLACK WHITE HOT LAVA VOLT 698181 007,ebay,0.0,36.26,30.0,6.26,5.44,30.82,2024-05-23,2024,5
Stila CREME BOUQUET Eau de Parfum Perfume Spray 1.7 oz/50 ml Vintage Rare EDP,ebay,0.0,181.08,174.99,6.09,26.669999999999998,154.41,2024-05-22,2024,5
Hoka Shoes Men's 10.5 D One One Rincon 3 Low Shell Coral Sneakers,ebay,0.0,51.6,40.0,11.6,7.720000000000001,43.88,2024-05-19,2024,5
Kuhl Shorts Mens 34 Olive Hiking Vintage Patina Outdoor Trekking Short Pants,ebay,0.0,33.69,24.99,8.7,5.2,28.49,2024-05-17,2024,5
"Grampa Present’s: THE INCREDIBLE TWO HEADED TRANSPLANT - (VHS, 1988)",ebay,0.0,19.12,14.99,4.13,3.4299999999999997,15.69,2024-05-14,2024,5
Peter Millar Sweater Mens Medium Blue Quarter Zip Golf Merino Wool Silk 1/4 Knit,ebay,0.0,33.59,24.99,8.6,5.12,28.47,2024-05-11,2024,5
Mattel The Tale of Peter Rabbit Doll - 1997,ebay,0.0,45.79,34.99,10.8,6.470000000000001,38.56,2024-05-10,2024,5
Juicy Couture “Wrap You Up In My Love” Y2K Red Velour TrackSuit Set Small,ebay,0.0,191.4,175.0,16.4,27.15,164.25,2024-04-23,2024,4
Size 11.5 - Air Jordan 4 Retro 2024 Military Blue IN HAND,ebay,0.0,275.0,275.0,0.0,23.54,251.46,2024-04-18,2024,4
Vintage Orvis Canvas Bag Leather Bottom Weekender - Pre-Owned,ebay,0.0,98.6,85.0,13.6,14.38,84.22,2024-04-14,2024,4
Vintage 90'S Champion Reverse Weave Sweatshirt Mens XL Crewneck Philips Academy,ebay,0.0,65.69,49.99,15.7,9.82,55.87,2024-04-14,2024,4
Vintage 90s Nike White Tag Center Check Swoosh Hoodie XL Gray,ebay,0.0,106.7,95.0,11.7,14.540000000000001,92.16,2024-04-14,2024,4
Vintage Undertaker Faded 1997 Titan Sports WWF T Shirt Tombstone Large WWE,ebay,0.0,93.85,85.0,8.85,13.860000000000001,79.99,2024-04-10,2024,4
Tuukka Rask Youth L/XL Boston Bruins NHL Hockey Reebok Jersey,ebay,0.0,50.95,42.5,8.45,7.640000000000001,43.31,2024-04-10,2024,4
Size 12 - Jordan 8 Retro Bugs Bunny 2013,ebay,0.0,80.0,80.0,0.0,11.64,68.36,2024-04-08,2024,4
Kuhl Ramblr Shorts Men 36 x 12 Grey Vintage Patina Dye Hike Outdoor Cargo Camp,ebay,0.0,26.16,20.0,6.16,3.87,22.29,2024-09-18,2024,9
Camber Thermal Sweatshirt - Zip Hoodie - Made in USA - Gray - Size L,ebay,0.0,80.13,69.99,10.14,11.02,69.11,2024-09-18,2024,9
Polo Ralph Lauren Yale College University Tiger P Wing Hoodie Size M,ebay,0.0,31.95,25.0,6.95,4.630000000000001,27.32,2024-09-17,2024,9
Arborwear Men's Size 36x32 Flannel Lined Double Knee Work Pants Trees Workwear,ebay,0.0,44.31,34.0,10.31,6.640000000000001,37.67,2024-09-13,2024,9
Vintage Coogi 3D Cotton Knit Cardigan Sweater Colorful Made In Australia Size XL,ebay,0.0,211.31,199.99,11.32,30.88,180.43,2024-09-13,2024,9
Vintage New England Patriots Troy Brown Throwback NFL Football Jersey L Red,ebay,0.0,35.73,30.0,5.73,5.380000000000001,30.35,2024-09-08,2024,9
Dr. Martens 1461 SR Steel Toe Black Shoes Men Size 10 (CL310) NWOT,ebay,0.0,88.44,75.0,13.44,12.89,75.55,2024-08-30,2024,8
Nike Air Jordan 1 Mid Woman’s Size 7.5 Marine Green/Washed Teal-Foam Shoes White,ebay,0.0,61.35,50.0,11.35,9.040000000000001,52.31,2024-08-29,2024,8
Men's Bruno Magli Piatto Dress Loafer Black Leather Made in Italy Sz 9.5,ebay,0.0,57.42,49.99,7.43,8.85,48.57,2024-08-28,2024,8
Abercrombie Fitch Pants Men 32x30 Beige Carpenter VTG Y2K Button Fly USA,ebay,0.0,45.32,34.99,10.33,6.680000000000001,38.64,2024-08-25,2024,8
Kuhl Ambush Shorts Mens Size 34 Gray Vintage Patina Dye Cargo Hiking Green,ebay,0.0,31.78,24.99,6.79,4.91,26.87,2024-08-18,2024,8
Kuhl Mens Ambush Vintage Patina Dye Cargo Hiking Shorts Olive Zip Pocket Size 35,ebay,0.0,33.43,24.99,8.44,5.0600000000000005,28.37,2024-08-18,2024,8
Vintage Nike USA Dream Team 1992 Michael Jordan 9 Olympic Jersey Mens 2XL,ebay,0.0,108.43,99.99,8.44,16.07,92.36,2024-08-12,2024,8
Harley-Davidson  Over Boot Covers Rain/Oil Unisex  97220-03V/ Size Medium,ebay,0.0,38.69,29.99,8.7,5.840000000000001,32.85,2024-08-11,2024,8
Harley-Davidson  Over Boot Covers Rain/Oil Unisex  97220-03V/ Size Medium,ebay,0.0,38.69,29.99,8.7,5.8100000000000005,32.88,2024-08-06,2024,8
Utilikilts Mens Kilt Sz 34 (pant size 32) Utiliclan Camo Made in USA Hanger incl,ebay,0.0,86.33,80.0,6.33,11.84,74.49,2024-08-02,2024,8
"The Evil Dead 1 & 2 Lot (VHS, 1998, Collectors Edition) Horror Movie Anchor Bay",ebay,0.0,27.38,22.0,5.38,4.7,22.68,2024-08-02,2024,8
Vintage Alpha Industries MA-1 Reversible Bomber Jacket Black/Orange Size L,ebay,0.0,71.35,60.0,11.35,10.55,60.8,2024-08-02,2024,8
Nike On Field NY Giants Jersey NFL  Embroidered #91 Justin Tuck Size XL Jersey,ebay,0.0,56.02,49.99,6.03,8.44,47.58,2024-07-27,2024,7
Vintage 70s Adidas Cotton Twill Short Shorts Blue M,ebay,0.0,34.68,30.0,4.68,5.300000000000001,29.38,2024-07-25,2024,7
Vintage LL Bean Brown Canvas Duffle Travel Bag Luggage Leather Trim Strap,ebay,0.0,87.45,69.99,17.46,12.870000000000001,74.58,2024-07-25,2024,7
New Balance Men's FuelCell Supercomp Pacer V1 Running Shoes Size 12 White/Green,ebay,0.0,49.69,40.0,9.69,7.4,42.29,2024-07-23,2024,7
LL Bean Pants Men 34x29 Olive Green Upland Briar Brush Guard Hunting Field Nylon,ebay,0.0,40.33,30.0,10.33,5.74,34.59,2024-07-21,2024,7
Patagonia Backpack Arbor Classic 26L Navy Rucksack Hiking Black,ebay,0.0,41.34,29.99,11.35,6.33,35.01,2024-07-20,2024,7
Osprey Escapist 30 Unisex Backpack Rucksack Black Daypack,ebay,0.0,53.31,45.0,8.31,8.12,45.19,2024-07-20,2024,7
1991 TELCO GHOST MOTION-ETTES OF HALLOWEEN PUMPKIN HEAD HOLDING CAT W/ BOX RARE,ebay,0.0,91.4,75.0,16.4,13.280000000000001,78.12,2024-07-18,2024,7
Vintage 80s US Army M-65 Cold Weather Field Coat Jacket L Large Short,ebay,0.0,68.97,59.99,8.98,10.040000000000001,58.93,2024-07-13,2024,7
Ralph Lauren Double RRL Herringbone HBT 13 Star US Military Utility Pants Sz 32,ebay,0.0,100.04,90.0,10.04,14.65,85.39,2024-12-30,2024,12
Mountain Hardwear Gore Windstopper Fleece Full Zip Jacket Men's Sz XL Blue Black,ebay,0.0,37.77,29.99,7.78,5.92,31.85,2024-12-30,2024,12
Size 10 - Converse Chuck Taylor All Star High x Comme des Garcons Play White,ebay,0.0,43.65,34.99,8.66,6.46,37.19,2024-12-29,2024,12
Mens Salomon Power Band Contagrip X Ultra Trail Sneakers Size 11 328131,ebay,0.0,42.77,34.99,7.78,6.07,36.7,2024-12-29,2024,12
Hoka One One Clifton 8 Men's Size 8 2E Blue Running Shoes Sneakers 1119393 GBMS,ebay,0.0,49.36,39.99,9.37,7.390000000000001,41.97,2024-12-26,2024,12
Salomon Speedcross 5 Men's Trail Running Shoes Sneakers Size 10.5 Blue Orange,ebay,0.0,49.78,42.0,7.78,7.46,42.32,2024-12-24,2024,12
"WW2 US  M-1943 Field Jacket, WWII M-43 Field Coat, Size 38S Well Used",ebay,0.0,52.4,45.0,7.4,7.340000000000001,45.06,2024-12-19,2024,12
Vintage Orvis Green Battenkill Canvas Leather Briefcase Laptop Bag w/Strap USA,ebay,0.0,81.93,74.99,6.94,11.88,70.05,2024-12-14,2024,12
Vintage Celtics All Over Print Shirt L MadeUSA Boston Pride Aerial Assault 1991,ebay,0.0,64.62,60.0,4.62,9.58,55.04,2024-12-06,2024,12
"Disney ""You Can Fly"" Peter Pan/Captain Hook Pirate Ship Musical Snow-Globe",ebay,0.0,113.09,99.99,13.1,16.31,96.78,2024-12-01,2024,12
Patagonia Jacket Mens Size XL Full Zip Nano Puff Primaloft Lightweight Dark Gray,ebay,0.0,88.03,82.0,6.03,12.06,75.97,2024-12-01,2024,12
Vintage LOUIS VUITTON Monogram Dress Belt Sz 32 Buckle Vintage Leather Sak's 70s,ebay,0.0,179.38,175.0,4.38,25.59,153.79,2024-11-18,2024,11
North Face Jacket Full Zip Blue Snow Winter Gore Tex Mens S RN61661 CA30516,ebay,0.0,49.37,40.0,9.37,7.5200000000000005,41.85,2024-11-09,2024,11
Size 9 - adidas Yeezy Boost 700 Wave Runner,ebay,0.0,100.0,100.0,0.0,14.74,85.26,2024-11-06,2024,11
Men's Vintage 90's CCM Colorado Avalanche Patrick Roy White Red Jersey Sz L,ebay,0.0,106.61,99.99,6.62,15.55,91.06,2024-10-23,2024,10
Filson Lightweight Jac Shirt Midnight Navy Dark Blue Dry Shelter Cloth Jacket XL,ebay,0.0,81.84,75.0,6.84,11.24,70.6,2024-10-20,2024,10
BARBOUR Beadnell Polarquilt Jacket Women's UK 14 Full Zip Polo Neck Quilted,ebay,0.0,71.14,65.0,6.14,9.83,61.31,2024-10-15,2024,10
Vintage Drivin N Cryin Fly Me Courageous World Tour 1991 Concert T Shirt L,ebay,0.0,54.43,50.0,4.43,8.12,46.31,2024-10-15,2024,10
Taylor Swift - All Too Well Gray Hoodie  Official Merchandise Extra Large 3XL,ebay,0.0,56.32,49.99,6.33,8.37,47.95,2024-10-14,2024,10
Vintage 1990s OJ Simpson A Great Human Being Faded Black Rap T-Shirt Size XL,ebay,0.0,123.44,115.0,8.44,18.15,105.29,2024-10-10,2024,10
Vintage Spiewak N1 Deck Jacket Golden Fleece Lined Military Green 6246 Sz Medium,ebay,0.0,102.68,90.0,12.68,14.360000000000001,88.32,2025-03-30,2025,3
NIKE SB DUNK HIGH USED SIZE 11 MF DOOM BLACK MIDNIGHT FOG 313111-004,ebay,0.0,850.0,850.0,0.0,74.04,775.96,2025-03-22,2025,3
Birkenstock Boston BS Slip On Suede Gray Comfort Classic Cog 40  W 9-9.5 M7-7.5,ebay,0.0,49.99,39.99,10.0,7.720000000000001,42.27,2025-03-16,2025,3
Vintage The Smiths What Difference Does It Make Band Shirt L Morrissey 2000s Y2K,ebay,0.0,114.57,110.0,4.57,15.98,98.59,2025-03-15,2025,3
Vintage RO-SEARCH Military Army Combat Black Leather Boots Mens Size 11 PJ 1-83,ebay,0.0,59.71,49.99,9.72,9.01,50.7,2025-03-13,2025,3
Coach Vintage 9951 Patricia Full Grain Leather Crossbody Bag Purse Black *READ*,ebay,0.0,63.3,49.99,13.31,10.68,52.62,2025-03-13,2025,3
Vintage LL Bean Script Daypack Bookbag Backpack Blue 70s,ebay,0.0,43.61,32.0,11.61,6.71,36.9,2025-03-12,2025,3
The North Face Cragmont Fleece Snap Button Zip Pocket Yellow Jacket Size M Retro,ebay,0.0,31.39,22.0,9.39,4.98,26.41,2025-03-10,2025,3
The North Face Mens Large Jacquard Xtreme Pile Soft Fleece Jacket Camo,ebay,0.0,62.98,50.0,12.98,9.65,53.33,2025-03-07,2025,3
D Generation X Shirt WWE Shaun Michaels Triple H 2007 Print RARE VTG Mens Sz XL,ebay,0.0,67.95,59.99,7.96,10.4,57.55,2025-03-05,2025,3
Vintage 60s Levis Type 2 II Denim Jacket Original 50s Big E 17 Stamped,ebay,0.0,1437.7,1430.0,7.7,195.93,1241.77,2025-02-26,2025,2
"Um Jammer Lammy Playstation PS1 Video Game, Tested Complete CIB",ebay,0.0,69.84,65.0,4.84,9.9,59.94,2025-02-24,2025,2
Rev'It Brentwood Mens Slim Fit Jeans Motorcycle Riding Cordura Pants Size 32x32,ebay,0.0,72.16,65.0,7.16,10.74,61.42,2025-02-20,2025,2
Scarface: The World is Yours Greatest Hits CIB PS2 - Complete + Manual,ebay,0.0,54.43,49.99,4.44,7.800000000000001,46.63,2025-02-17,2025,2
NEW! Open Box Fujifilm Zoom Date 115SR Point & Shoot 35mm Film Camera,ebay,0.0,48.71,40.0,8.71,7.180000000000001,41.53,2025-02-10,2025,2
Salomon XA PRO Contragrip GORE-TEX Men's 11.5 Trail Hiking Shoes Gray Low,ebay,0.0,50.99,39.99,11.0,7.44,43.55,2025-02-09,2025,2
Chippewa LL Bean Shoes Mens 11 D Brown Leather Oxford Vibram Soles Boots Vintage,ebay,0.0,92.42,85.0,7.42,12.65,79.77,2025-02-06,2025,2
Arcteryx Men`s Orange Gorpcore Outdoor Hiking Y2K Beta AR Jacket Size XL,ebay,0.0,257.69,249.99,7.7,37.49,220.2,2025-01-31,2025,1
Patagonia Synchilla Sweater Adult Small Black T Snap Pocket Outdoor Fleece,ebay,0.0,40.34,30.0,10.34,5.75,33.92,2025-01-26,2025,1
Vintage 1970 BATA Bunny Boots Size 10R Extreme Cold Weather Military Arctic Snow,ebay,0.0,86.39,74.99,11.4,12.44,73.95,2025-01-25,2025,1
BARBOUR Coat Jacket UK 8 Waterproof Parka Lined Hooded L41 Coldstream,ebay,0.0,45.93,34.99,10.94,6.91,39.02,2025-01-20,2025,1
Vintage 70s 80s LL Bean Duck Camo Wool Lined Hunting Field Chore Jacket XL,ebay,0.0,192.0,170.0,22.0,28.15,163.85,2025-01-15,2025,1
Ralph Lauren Polo Shirt Men Large Green Blue Striped Long Sleeve Rugby,ebay,0.0,52.78,39.99,12.79,7.9,44.88,2025-01-15,2025,1
Vintage US Military Army Coat Field Jacket With Hood M65  Small Regular OD Green,ebay,0.0,51.73,42.0,9.73,7.66,44.07,2025-01-14,2025,1
"Canon AE-1 Program 35mm film camera W/ 35-75mm FD Lens, Box & Leather Case",ebay,0.0,197.0,175.0,22.0,28.88,168.12,2025-01-11,2025,1
Vintage 90s Polo Sport 12M Yacht Challenge US Ralph Lauren Canvas Backpack Tote,ebay,0.0,60.44,50.0,10.44,9.1,51.34,2025-01-11,2025,1
Salomon Contragrip GORETEX Shoes Mens 11.5 Black XA Pro 3D Ultra 2 Trail Hiking,ebay,0.0,31.7,20.0,11.7,4.840000000000001,26.86,2025-01-11,2025,1
Vintage Bata Military Extreme Cold Weather Bunny Mickey Mouse Boot Men Size 11R,ebay,0.0,95.72,84.99,10.73,14.19,81.53,2025-01-11,2025,1
Handmade Vintage 1960s Cowichan Deer Sweater Knit Zip up Patterned L / XL,ebay,0.0,97.41,85.0,12.41,14.44,82.97,2025-01-09,2025,1
"Rugrats: Search for Reptar (PlayStation 1, PS1, 1998)",ebay,0.0,19.0,14.53,4.47,2.92,16.08,2025-01-08,2025,1
VTG The North Face Steep Tech Jacket Women XLarge Purple Black 550 Down Coat Y2K,ebay,0.0,63.66,55.0,8.66,9.450000000000001,54.21,2025-01-08,2025,1
Vintage Halo 3 Hoodie Sweatshirt Size XXXL Mens Y2K Xbox 360 Zip Up Video Game,ebay,0.0,103.87,90.0,13.87,15.09,88.78,2025-01-08,2025,1
"New Super Mario Bros. Wii (Nintendo Wii, 2009) Complete",ebay,0.0,29.46,24.99,4.47,4.58,24.88,2025-01-05,2025,1
Patagonia Mens Sweater Large Blue Oatmeal Heather Lightweight Synchilla Snap,ebay,0.0,72.05,59.99,12.06,10.5,61.55,2025-01-05,2025,1
Vintage 80s LL Bean Boat And Tote X-Large Canvas Bag Red Saw Tooth 23x15,ebay,0.0,95.63,85.0,10.63,13.07,82.56,2025-01-04,2025,1
Carhartt Black Insulated Duck Work Bib Pants Quilted Red Lining B41 34x32,ebay,0.0,51.35,40.0,11.35,7.2,44.15,2025-01-01,2025,1
HOKA One One Clifton 7 Sneakers Triple Black Laces Cushion Gym Running Men's 11,ebay,0.0,27.67,20.0,7.67,4.53,23.14,2025-06-25,2025,6
Vintage Rare Kiss I Was There Music Band Tour Black T Shirt 2000 All Sport XL,ebay,0.0,58.71,50.0,8.71,8.38,50.33,2025-06-23,2025,6
Vintage 90s Black Disney Mickey Mouse Breakthrough Climbing AOP T Shirt Shadow,ebay,0.0,55.84,51.0,4.84,7.99,46.93,2025-06-20,2025,6
Authentic Isabel Marant BEKETT SNEAKERS suede Leather Wedge in Black Size 38,ebay,0.0,363.92,350.0,13.92,31.29,332.63,2025-06-19,2025,6
Vintage 90s Bart Simpson “Don’t have a cow” Single Stitch T-shirt - XL,ebay,0.0,42.95,34.99,7.96,6.680000000000001,36.27,2025-06-17,2025,6
ArcTeryx Mens Rampart Size 32 Dark Brown Lightweight Hiking Cargo Shorts,ebay,0.0,48.7,39.99,8.71,7.0200000000000005,41.68,2025-06-17,2025,6
Vintage 90s Florida Panthers Apex One T-Shirt Large NHL Double Sided Graphic Tee,ebay,0.0,42.95,34.99,7.96,6.65,36.3,2025-06-17,2025,6
Mountaineering Hiking Boots Size 12 D Vintage 70s 80s USA Vibram Lug Sole,ebay,0.0,85.67,70.0,15.67,12.66,73.01,2025-06-16,2025,6
Vintage Rare Pink Juicy Couture Satchel Bag Purse Scottie Dog Handbag Velour Y2K,ebay,0.0,287.58,275.0,12.58,43.54,244.04,2025-06-12,2025,6
Vintage 1995 1996 Alice In Chains Tour Worms Band Tour Rare XL T-shirt,ebay,0.0,206.22,200.0,6.22,28.45,177.77,2025-05-28,2025,5
"Vintage Malcolm X Mosquitohead 1991 T-Shirt, Size XL, Authentic! Rare Shirt",ebay,0.0,305.49,300.0,5.49,44.85,260.64,2025-05-24,2025,5
Vintage U.S. Wings Type G-1 US Navy Leather Bomber Jacket Patch Mens 44R Large,ebay,0.0,193.43,180.0,13.43,26.709999999999997,166.72,2025-05-24,2025,5
Men’s Vintage Cartoon Network Whacky Racing Scooby Doo Nascar Shirt XL,ebay,0.0,67.01,60.0,7.01,10.15,56.86,2025-05-16,2025,5
Size 6y - Jordan 1 Retro High OG Game Royal 2018 Lightly Worn,ebay,0.0,49.58,41.0,8.58,7.82,41.76,2025-05-13,2025,5
BARBOUR Coat Jacket UK 8 Waterproof Parka Lined Hooded L41 Coldstream,ebay,0.0,39.27,30.0,9.27,5.74,33.53,2025-05-13,2025,5
Vtg The Who Who's Tommy Broadway Yellow  TShirt L 1992 Single Stitch Music Play,ebay,0.0,22.84,18.0,4.84,3.51,19.33,2025-05-09,2025,5
Blake Griffin 32 LOS ANGELES CLIPPERS Adidas NBA Jersey STITCHED Men's Sz XXL +2,ebay,0.0,42.0,34.99,7.01,6.4,35.6,2025-05-05,2025,5
Vintage 50s 60s Cafe Racer Brown Leather Jacket True Vintage,ebay,0.0,109.1,90.0,19.1,15.24,93.86,2025-05-05,2025,5
Vtg Polo Ralph Lauren Rugby Shirt Mens XL White Vertical Stripe Pullover 90s,ebay,0.0,44.0,30.0,14.0,6.380000000000001,36.89,2025-04-30,2025,4
Ralph Lauren Polo Bear Knit Sweater Size Small,ebay,0.0,157.32,149.99,7.33,23.15,134.17,2025-04-28,2025,4
2017 Air Jordan 13 Retro Black Cat Size 13 414571-011,ebay,0.0,130.0,130.0,0.0,19.32,110.68,2025-04-28,2025,4
Vintage L.L. Bean Continental Rucksack Blue Backpack Hiking Camping,ebay,0.0,45.65,35.0,10.65,7.16,38.49,2025-04-15,2025,4
"Vintage 35"" Orvis Battenkill Canvas Leather Bottom & Trimmed DUFFLE BAG LUGGAGE",ebay,0.0,87.13,70.0,17.13,12.77,74.36,2025-04-03,2025,4
Schott Classic Cafe Racer 141 Cowhide Leather with Liner Jacket Made In USA 44,ebay,0.0,373.92,350.0,23.92,51.25,322.67,2025-04-02,2025,4
LL Bean Olive Green Continental Rucksack Backpack Hiking Utility,ebay,0.0,60.64,49.99,10.65,9.31,51.33,2025-04-02,2025,4
Vintage3743 BMTS Maroon USAAF Military Training T-Shirt Single Stitch Tee Large,ebay,0.0,39.89,35.0,4.89,6.090000000000001,33.8,2025-09-19,2025,9
Vintage LL Bean Navy Blue White Canvas Boat And Tote Bag Large Zipper Close  USA,ebay,0.0,50.34,40.0,10.34,7.7,42.64,2025-09-06,2025,9
Vintage Ringling Bros And Barnum & Bailey Circus AOP Allover Print T Shirt XL,ebay,0.0,46.01,35.0,11.01,7.140000000000001,38.87,2025-08-30,2025,8
Size 10 - Nike KD 6 What The Kevin Durant 669809-500,ebay,0.0,48.58,40.0,8.58,7.4,41.18,2025-08-28,2025,8
1994 Liquid Blue Ian Bohorquez Grim Reaper Vintage T Shirt Time And Tide XL,ebay,0.0,128.71,120.0,8.71,17.9,110.81,2025-08-28,2025,8
Nike Air Presto QS Lightning 2015 Rare Vintage sz L Large 11 11.5 12 789870 004,ebay,0.0,60.0,60.0,0.0,8.56,51.44,2025-08-27,2025,8
Vtg Neptune Garment Co Jacket USMC 50 Reg Military Bomber Utility Epaulets Coat,ebay,0.0,23.71,12.0,11.71,3.62,19.7,2025-08-26,2025,8
LL Bean Boat And Tote Yellow Blue Striped Canvas Zip Made In USA Large,ebay,0.0,59.9,49.99,9.91,8.97,50.93,2025-08-25,2025,8
LL BEAN Canvas Tote Bag Plaid Flannel Lined Leather Handles Orange Olive Green,ebay,0.0,47.66,39.99,7.67,7.340000000000001,40.32,2025-08-24,2025,8
Vintage 80s Polo Ralph Lauren Western Cowboy Rodeo Trucker Jacket Rare Sz Large,ebay,0.0,565.9,550.0,15.9,82.75,483.15,2025-08-23,2025,8
Vintage Boston Bruins Jacket X-Large Black Jeff Hamilton Jacket Varsity Leather,ebay,0.0,94.27,85.0,9.27,14.21,80.06,2025-08-21,2025,8
Lauren Ralph Lauren Pants 6 Tan Equestrian Polo Horse Club Oxford Print Rare,ebay,0.0,55.36,45.0,10.36,8.19,47.17,2025-08-20,2025,8
LL Bean Canvas Small Zippered Boat Tote Bag Two Tone Blue Striped Made in USA,ebay,0.0,34.71,26.0,8.71,5.4,29.31,2025-08-18,2025,8
Vintage Champion Reverse Weave Sweatshirt Men's Medium Teal Green 80s 90s USA,ebay,0.0,28.67,17.0,11.67,4.61,24.06,2025-08-18,2025,8
Patagonia Performance Twill Jeans Mens 33x32 Iron Clad Straight 56490 Khaki Pant,ebay,0.0,29.67,22.0,7.67,4.61,25.06,2025-08-15,2025,8
Vintage Ben And Jerry’s Liquid Blue Euphoria Cow Tie Dye Shirt L,ebay,0.0,52.74,48.0,4.74,7.970000000000001,44.77,2025-08-12,2025,8
VTG 70s USAF Alpha Industries Bomber Flight Jacket MA-1 Reversible XL Distressed,ebay,0.0,106.64,99.99,6.65,15.48,91.16,2025-08-11,2025,8
Nike KD 6 Premium What The KD 2014 - Size 12 - 669809-500 - PreOwned - Mens Shoe,ebay,0.0,149.99,149.99,0.0,12.72,137.27,2025-08-06,2025,8
Kuhl Men's Ryder Pants 34 X 30 Khaki Vintage Patina Dye Hiking Outdoors,ebay,0.0,37.66,29.99,7.67,5.83,31.83,2025-08-02,2025,8
Vintage 90s Morbid Rags T-Shirt Skull Spider Webs AOP Men's Sz XL All Over Print,ebay,0.0,83.71,75.0,8.71,11.780000000000001,71.93,2025-07-30,2025,7
Vintage LL Bean Men's Size 46 XL Gray Pig Suede Leather Padded Bomber Jacket,ebay,0.0,75.49,64.0,11.49,10.67,64.82,2025-07-29,2025,7
Vintage Miami Hurricanes Football Starter Nylon Hooded Lined Pull Over Jacket L,ebay,0.0,61.71,50.0,11.71,9.56,52.15,2025-07-28,2025,7
Juicy Couture (Royal Juicy)  Black Velour Bowler Bag Purse Embroidered  Logo,ebay,0.0,164.81,149.99,14.82,26.47,138.34,2025-07-27,2025,7
Vintage Maverick Denim Jacket Size 40 Blue Bell 70s Medium Wrangler USA Cowboy,ebay,0.0,49.0,35.0,14.0,7.53,41.47,2025-07-25,2025,7
Mitchell & Ness Houston Rockets Jersey Bape x Hardwood Classics Edition Size L,ebay,0.0,67.01,60.0,7.01,10.200000000000001,56.81,2025-07-24,2025,7
Rare Frozen Moments Spilled Milk Carton By Geoffrey Rose 1988,ebay,0.0,63.71,55.0,8.71,9.52,54.19,2025-07-23,2025,7
Travis Scott x BR x Mitchell & Ness NBA Houston Rockets Jersey Red Size M,ebay,0.0,43.96,36.0,7.96,6.880000000000001,37.08,2025-07-22,2025,7
Megadeth Vintage Baseball Raglan T Shirt 1980s Peace Sells Double Sided Rare!,ebay,0.0,105.02,100.0,5.02,15.93,89.09,2025-07-18,2025,7
Nike KD 6 Premium What The KD 2014 - Size 12 - 669809-500 - PreOwned - Mens Shoe,ebay,0.0,149.99,149.99,0.0,12.84,137.15,2025-07-18,2025,7
Patagonia Womens XL Nano Puff Full Zip Primaloft Insulated Puffer Jacket LOGO,ebay,0.0,61.6,49.99,11.61,8.780000000000001,52.82,2025-07-10,2025,7
Vintage 90s Starter USA Olympics Eagle Dream Team Full Zip Windbreaker Jacket,ebay,0.0,70.53,60.0,10.53,10.48,60.05,2025-07-10,2025,7
Celtic Football Club 2010 2011 Away Shirt Soccer Jersey Nike sz XL MEN,ebay,0.0,44.71,40.0,4.71,6.98,36.93,2025-07-09,2025,7
Vtg 60s 70s Eddie Bauer Goose Down Quilted Red Talon Zip Jacket Medium,ebay,0.0,58.0,44.0,14.0,8.29,48.75,2025-07-05,2025,7
Vintage LL Bean Boat & Tote Bag with Leather Handles Canvas Navy Medium Logo,ebay,0.0,47.67,40.0,7.67,7.2700000000000005,40.4,2025-07-04,2025,7
Disney Nightmare Before Christmas Jack Skellington Hockey Jersey Size S/M,ebay,0.0,44.99,34.99,10.0,6.890000000000001,38.1,2025-07-04,2025,7
Vintage 90s Navy Blank Logo Champion Reverse Weave USA Made Sweatshirt Size L,ebay,0.0,37.98,25.0,12.98,5.57,31.78,2025-07-04,2025,7
Vintage 70s Nike Logo Spell Out T Shirt Single Stitch Gray Color Large,ebay,0.0,64.71,60.0,4.71,9.69,55.02,2025-07-03,2025,7
Vintage 2000s Xbox 360 Big Logo Promo Video Game Console Tee Y2k Microsoft Rare,ebay,0.0,54.43,49.99,4.44,7.800000000000001,46.63,2025-07-03,2025,7
