name,brand,condition,cog,revenue,profit,roi_pct,platform,sold_date,purchase_date,sold_year,sold_month
Nike Dunk HIgh Pistachio ,,Used,300.0,286.2,-13.800000000000011,-4.600000000000004,grailed,2022-02-08 17:00:00+00:00,2022-01-02 17:00:00+00:00,2022,2
Vintage Bjork Tee Shirt Reprint,,Used,20.0,36.51,16.509999999999998,82.54999999999998,grailed,2022-03-08 17:00:00+00:00,2021-01-10 17:00:00+00:00,2022,3
adidas Ozweego 3 Raf Simons Burgundy,adidas,Used,200.0,205.63,5.6299999999999955,2.8149999999999977,grailed,2022-03-09 17:00:00+00:00,2022-03-01 17:00:00+00:00,2022,3
adidas Yeezy Boost 380 Alien,adidas,Used,100.0,100.64,0.6400000000000006,0.6400000000000006,grailed,2022-03-17 16:00:00+00:00,2022-03-01 17:00:00+00:00,2022,3
I Love Creative Women T Shirt,,New,30.0,37.52,7.520000000000003,25.066666666666677,grailed,2022-03-21 16:00:00+00:00,2022-01-10 17:00:00+00:00,2022,3
1998 Helmut Lang Denim ,,Used,110.0,109.02,-0.980000000000004,-0.8909090909090944,grailed,2022-03-23 16:00:00+00:00,2022-01-10 17:00:00+00:00,2022,3
Sp5der Worldwide Red Angel Number 555 Hoodie Red,Sp5der,New,175.0,214.64,39.639999999999986,22.651428571428564,grailed,2022-03-24 16:00:00+00:00,2021-12-22 17:00:00+00:00,2022,3
San Juan Denim Atlanta Braves hat,,New,35.0,37.29,2.289999999999999,6.542857142857141,grailed,2022-04-09 16:00:00+00:00,2021-05-31 16:00:00+00:00,2022,4
Supreme Bottle Cap Tee Pale Yellow,Supreme,Used,30.0,16.69,-13.309999999999999,-44.36666666666666,grailed,2022-04-13 16:00:00+00:00,2021-01-10 17:00:00+00:00,2022,4
John Undercover Poem Tee,,Used,80.0,80.68,0.6800000000000068,0.8500000000000085,grailed,2022-04-14 16:00:00+00:00,2022-03-07 17:00:00+00:00,2022,4
Nike Dunk Low Community Garden,Nike,New,100.0,297.03,197.02999999999997,197.02999999999997,grailed,2022-04-15 16:00:00+00:00,2020-09-10 16:00:00+00:00,2022,4
Joy Divzn Mew Hoodie ,,Used,50.0,55.89,5.890000000000001,11.780000000000001,grailed,2022-04-23 16:00:00+00:00,2020-04-08 16:00:00+00:00,2022,4
Basketcase Gallery Evanscence T Shirt,,New,30.0,50.58,20.58,68.6,grailed,2022-04-27 16:00:00+00:00,2022-04-02 16:00:00+00:00,2022,4
Vintage Staff Ringer Tee,,Used,4.0,14.53,10.53,263.25,grailed,2022-05-02 16:00:00+00:00,2021-01-12 17:00:00+00:00,2022,5
Uniqlo Grey Cardigan ,,New,25.0,19.78,-5.219999999999999,-20.879999999999995,grailed,2022-05-04 16:00:00+00:00,2022-04-01 16:00:00+00:00,2022,5
Saintwoods Crewneck ,,Used,50.0,34.42,-15.579999999999998,-31.16,grailed,2022-05-06 16:00:00+00:00,2021-03-22 16:00:00+00:00,2022,5
Vintage Flowers T Shirt,,Used,10.0,12.01,2.01,20.099999999999998,grailed,2022-05-08 16:00:00+00:00,2020-04-02 16:00:00+00:00,2022,5
Vintage Chicago T Shirt,,Used,10.0,11.57,1.5700000000000003,15.700000000000003,grailed,2022-05-12 16:00:00+00:00,2020-03-01 17:00:00+00:00,2022,5
Ken Carson XMAN Hoodie,,New,85.0,91.43,6.430000000000007,7.56470588235295,grailed,2022-05-19 16:00:00+00:00,2022-03-12 17:00:00+00:00,2022,5
Supreme Leopard Fleece Backpack White,Supreme,Used,100.0,97.92,-2.0799999999999983,-2.0799999999999983,grailed,2022-06-02 16:00:00+00:00,2022-03-30 16:00:00+00:00,2022,6
New Era x Hat Club Exclusive Cord Dream Boston Red Sox Fenway Park Patch 59Fifty Fitted Hat Khaki,New Era,New,55.0,42.51,-12.490000000000002,-22.70909090909091,grailed,2022-06-02 16:00:00+00:00,2022-05-29 16:00:00+00:00,2022,6
Vintage Patriots Crewneck Sweater,,Used,6.0,11.71,5.710000000000001,95.16666666666667,grailed,2022-06-16 16:00:00+00:00,2022-06-01 16:00:00+00:00,2022,6
New Balance 990 nimbus cloud,,Used,50.0,56.97,6.969999999999999,13.939999999999998,grailed,2022-07-07 16:00:00+00:00,2022-06-16 16:00:00+00:00,2022,7
Nike Air Force 1 Mid Stussy Fossil,Nike,New,150.0,113.44,-36.56,-24.373333333333335,grailed,2022-07-10 16:00:00+00:00,2022-05-22 16:00:00+00:00,2022,7
adidas Yeezy Desert Boot Rock,adidas,Used,190.0,178.5,-11.5,-6.052631578947368,grailed,2022-07-23 16:00:00+00:00,2022-07-16 16:00:00+00:00,2022,7
Jordan 1 SB Lance Mountain Black,Jordan,Used,200.0,206.53,6.530000000000001,3.2650000000000006,grailed,2022-08-13 16:00:00+00:00,2022-08-01 16:00:00+00:00,2022,8
Hysteric Glamour Zip Up Sweater,,Used,100.0,99.28,-0.7199999999999989,-0.7199999999999989,grailed,2022-08-12 16:00:00+00:00,2022-08-10 16:00:00+00:00,2022,8
Safety Bear Hat,,Used,112.87,196.49,83.62,74.08523079649154,grailed,2022-08-09 16:00:00+00:00,2021-11-26 17:00:00+00:00,2022,8
Dasyori Sweatpants ,,Used,60.0,74.02,14.019999999999996,23.36666666666666,grailed,2022-08-07 16:00:00+00:00,2022-04-13 16:00:00+00:00,2022,8
Birkenstock Boston Clog Stussy Dusty Pink (2021),Birkenstock,Used,300.0,428.46,128.45999999999998,42.81999999999999,grailed,2022-08-09 16:00:00+00:00,2021-08-27 16:00:00+00:00,2022,8
Vintage Military Trousers,,Used,10.0,25.72,15.719999999999999,157.2,grailed,2022-08-06 16:00:00+00:00,2020-08-01 16:00:00+00:00,2022,8
Arcteryx Raincoat ,,Used,250.0,240.65,-9.349999999999994,-3.7399999999999975,grailed,2022-09-15 16:00:00+00:00,2022-09-01 16:00:00+00:00,2022,9
Prada America's Cup Royal Blue Silver,Prada,Used,110.0,113.44,3.4399999999999977,3.127272727272725,grailed,2022-10-09 16:00:00+00:00,2022-08-01 16:00:00+00:00,2022,10
Supreme Lovers Tee White,Supreme,Used,30.0,25.76,-4.239999999999998,-14.133333333333328,grailed,2022-10-19 16:00:00+00:00,2022-10-01 16:00:00+00:00,2022,10
Vintage Wolves Crewneck,,Used,3.0,18.45,15.45,515.0,grailed,2022-10-20 16:00:00+00:00,2022-10-15 16:00:00+00:00,2022,10
Vintage Nike Center Swoosh Hoodie,,Used,3.0,24.53,21.53,717.6666666666666,grailed,2022-11-27 17:00:00+00:00,2022-11-18 17:00:00+00:00,2022,11
Yeezy Gap Hoodie Purple,Yeezy,New,60.0,79.15,19.150000000000006,31.916666666666675,grailed,2022-11-15 17:00:00+00:00,2022-11-05 16:00:00+00:00,2022,11
Vintage Bulldog Jersey,,Used,4.0,20.38,16.38,409.5,grailed,2022-12-10 17:00:00+00:00,2022-12-01 17:00:00+00:00,2022,12
Nike Air Force 1 High 1017 ALYX 9SM Black White,Nike,Used,275.0,347.39,72.38999999999999,26.32363636363636,grailed,2022-12-31 17:00:00+00:00,2022-09-23 16:00:00+00:00,2022,12
Basketcase Gallery Pikachu T shirt,,New,50.0,101.94,51.94,103.88,grailed,2022-10-11 16:00:00+00:00,2022-06-06 16:00:00+00:00,2022,10
Vintage Real tree camo longsleeve,,Used,20.0,16.74,-3.2600000000000016,-16.300000000000008,grailed,2022-10-14 16:00:00+00:00,2022-08-14 16:00:00+00:00,2022,10
Basketcase Gallery Hoodie,Basketcase Gallery,Used,100.0,84.18,-15.819999999999993,-15.819999999999993,grailed,2022-10-28 16:00:00+00:00,2021-11-26 17:00:00+00:00,2022,10
Jordan 4 Retro Canyon Purple (W),Jordan,New,200.0,217.15,17.150000000000006,8.575000000000003,grailed,2022-11-09 17:00:00+00:00,2022-10-15 16:00:00+00:00,2022,11
Jordan 4 Retro Classic Green,Jordan,Used,152.0,254.2,102.19999999999999,67.23684210526315,grailed,2022-11-27 17:00:00+00:00,2022-10-10 16:00:00+00:00,2022,11
Jordan 1 Retro Low OG UNC,Jordan,New,140.0,155.6,15.599999999999994,11.142857142857139,grailed,2022-10-13 16:00:00+00:00,2022-09-28 16:00:00+00:00,2022,10
Jordan 4 Retro Bred (2019),Jordan,Used,170.0,230.62,60.620000000000005,35.65882352941176,grailed,2022-10-04 16:00:00+00:00,2022-09-29 16:00:00+00:00,2022,10
ASICS Gel-Kayano 14 JJJJound Silver Black,Asics,New,205.0,295.37,90.37,44.082926829268295,instagram,2022-09-30 16:00:00+00:00,2022-09-09 16:00:00+00:00,2022,9
Nintendo Wii Guitar Hero 5,,used,0.0,17.83,17.83,,ebay,2022-12-27 17:00:00+00:00,2022-12-01 17:00:00+00:00,2022,12
Nintendo Wii Indiana Jones 1 & 2,,Used,0.0,8.56,8.56,,ebay,2022-12-24 17:00:00+00:00,2022-12-01 17:00:00+00:00,2022,12
Crocs Classic Clog Cinnamon Toast Crunch,Crocs,New,70.0,88.29,18.290000000000006,26.12857142857144,ebay,2022-12-17 17:00:00+00:00,2022-11-04 16:00:00+00:00,2022,12
Jordan 5 Retro OFF-WHITE Sail,Jordan,Used,375.0,447.36,72.36000000000001,19.296000000000006,ebay,2022-11-30 17:00:00+00:00,2022-11-03 16:00:00+00:00,2022,11
PS2 Sonic Heroes ,,Used,0.0,8.74,8.74,,ebay,2022-11-28 17:00:00+00:00,2022-11-01 16:00:00+00:00,2022,11
Nintendo Wii Michael Jackson,,USed,0.0,11.23,11.23,,ebay,2022-11-26 17:00:00+00:00,2022-11-01 16:00:00+00:00,2022,11
Nintendo Wii Sonic & Sega All Star Racing,,Used,0.0,10.43,10.43,,ebay,2022-11-26 17:00:00+00:00,2022-11-01 16:00:00+00:00,2022,11
Nintendo Wii Mario & Sonic at the Winter Olympics ,,Used,0.0,8.97,8.97,,ebay,2022-11-25 17:00:00+00:00,2022-11-01 16:00:00+00:00,2022,11
Nintendo Wii Sonic and the Secret Rings,,Used,1.0,6.19,5.19,519.0,ebay,2022-11-25 17:00:00+00:00,2022-09-01 16:00:00+00:00,2022,11
Nike KD 14 Aunt Pearl,Nike,New,135.0,150.97,15.969999999999999,11.829629629629629,ebay,2022-11-06 17:00:00+00:00,2022-04-18 16:00:00+00:00,2022,11
Nike Lebron 20 Time Machine,Nike,New,201.56,241.02,39.46000000000001,19.57729708275452,ebay,2022-10-02 16:00:00+00:00,2022-09-30 16:00:00+00:00,2022,10
Jordan 1 Retro High OG Yellow Toe,Jordan,New,180.0,200.0,20.0,11.11111111111111,ebay,2022-10-30 16:00:00+00:00,2022-09-30 16:00:00+00:00,2022,10
