date,venue,price,item
2024-06-02,Fenway Flea,60.0,pant bundle
2024-06-02,Fenway Flea,20.0,dickies
2024-06-02,Fenway Flea,35.0,levi’s denim
2024-06-02,Fenway Flea,70.0,carhartt jacket
2024-06-02,Fenway Flea,35.0,polo sport crew
2024-06-02,Fenway Flea,30.0,2 carhattt shorts
2024-06-02,Fenway Flea,20.0,nike hoodie
2024-06-02,Fenway Flea,25.0,reba shirt
2024-06-02,Fenway Flea,30.0,golf crew harley tank
2024-06-02,Fenway Flea,80.0,patriots jacket
2024-06-02,Fenway Flea,40.0,missoni top
2024-06-02,Fenway Flea,20.0,nike crew
2024-06-02,Fenway Flea,20.0,mikes shirt
2024-06-02,Fenway Flea,30.0,coach purse
2024-06-02,Fenway Flea,25.0,tommy jorts
2024-06-02,Fenway Flea,30.0,choppers tee + basketball tee
2024-06-02,Fenway Flea,20.0,einstein shirt
2024-06-02,Fenway Flea,30.0,macgear shorts
2024-06-02,Fenway Flea,30.0,alaska crewneck
2024-06-02,Fenway Flea,30.0,lee jacket
2024-06-02,Fenway Flea,15.0,fox racing tee
2024-06-02,Fenway Flea,20.0,schmidt workwear pants
2024-06-02,Fenway Flea,15.0,cheetah slip
2024-06-02,Fenway Flea,30.0,fleece zip up
2024-06-02,Fenway Flea,20.0,tennis shirt
2024-06-08,Select Markets,20.0,wrangler jorts
2024-06-08,Select Markets,20.0,denim jacket
2024-06-08,Select Markets,25.0,columbia jorts
2024-06-08,Select Markets,25.0,izod cargo jorts
2024-06-08,Select Markets,15.0,red sox shirt
2024-06-08,Select Markets,65.0,3 jort bundle
2024-06-08,Select Markets,20.0,carhartt shorts
2024-06-08,Select Markets,35.0,true religion jeans
2024-06-08,Select Markets,20.0,blue mountain jorts
2024-06-08,Select Markets,20.0,vs slip
2024-06-08,Select Markets,20.0,wrangler jorts
2024-06-08,Select Markets,25.0,black corset
2024-06-08,Select Markets,20.0,st john bay jort
2024-06-08,Select Markets,26.0,affliction shirt
2024-06-08,Select Markets,20.0,wrangler jorts
2024-06-08,Select Markets,60.0,brooklyn express jeans
2024-06-08,Select Markets,30.0,carhartt cargo
2024-06-08,Select Markets,25.0,union bay jort
2024-06-08,Select Markets,20.0,skirt
2024-06-08,Select Markets,20.0,akademiks jorts
2024-06-08,Select Markets,30.0,"nike army, y2k shirt"
2024-06-08,Select Markets,25.0,cargo
2024-06-08,Select Markets,15.0,lace top - lynn store
2024-06-08,Select Markets,50.0,samba
2024-06-08,Select Markets,30.0,arborwear double knee shorts
2024-06-08,Select Markets,30.0,faded glory carpenter jeans
2024-06-08,Select Markets,20.0,kuhl knit
2024-06-08,Select Markets,20.0,tommy rugby
2024-06-08,Select Markets,30.0,johnny blaze jeans
2024-06-08,Select Markets,20.0,patriots crewneck
2024-06-08,Select Markets,25.0,rocawear jorts
2024-06-08,Select Markets,30.0,2 harley tee bundle
2024-06-08,Select Markets,25.0,multicolor knit
2024-06-08,Select Markets,40.0,diamond zip up
2024-06-08,Select Markets,20.0,carhartt shorts
2024-06-08,Select Markets,25.0,carhartt cargo
2024-06-08,Select Markets,20.0,cheetah top? - lynn store
2024-06-08,Select Markets,15.0,izod cargo
2024-06-08,Select Markets,40.0,rave jeans
2024-06-08,Select Markets,60.0,green work jacket
2024-06-08,Select Markets,25.0,timberland rugby
2024-06-08,Select Markets,25.0,structure rugby
2024-06-08,Select Markets,20.0,brown carhartt hoodie
2024-06-08,Select Markets,20.0,carhartt shorts
2024-06-08,Select Markets,20.0,shirt
2024-06-08,Select Markets,25.0,y2k thermal
2024-06-08,Select Markets,65.0,patriots jacket
2024-06-08,Select Markets,20.0,baby phat skirt
2024-06-08,Select Markets,15.0,unionbay stripe shirt
2024-06-08,Select Markets,35.0,affliction jeans
2024-06-08,Select Markets,80.0,ll bean leather jacket
2024-06-09,Fenway Flea,20.0,barca jersey
2024-06-09,Fenway Flea,25.0,nike track
2024-06-09,Fenway Flea,25.0,polo rugby
2024-06-09,Fenway Flea,20.0,jean dickies
2024-06-09,Fenway Flea,50.0,motorcycle jacket
2024-06-09,Fenway Flea,20.0,djny zip
2024-06-09,Fenway Flea,20.0,harley quarter
2024-06-09,Fenway Flea,20.0,vs slip
2024-06-09,Fenway Flea,20.0,chelsea jersey
2024-06-09,Fenway Flea,60.0,affliction leather
2024-06-09,Fenway Flea,15.0,denim maxi skirt
2024-06-09,Fenway Flea,15.0,victoria slip
2024-06-09,Fenway Flea,20.0,pink cheetah slip
2024-06-09,Fenway Flea,25.0,wrangler camouflage
2024-06-09,Fenway Flea,25.0,nike zip spellout
2024-06-09,Fenway Flea,15.0,velour top
2024-06-09,Fenway Flea,35.0,nyc carpenter jeans
2024-06-09,Fenway Flea,70.0,tripp nyc trench pink
2024-06-09,Fenway Flea,25.0,jorts
2024-06-09,Fenway Flea,20.0,reí pants
2024-06-09,Fenway Flea,25.0,mary green slip
2024-06-09,Fenway Flea,20.0,half denim skirt
2024-06-09,Fenway Flea,25.0,rock republic jeans a
2024-06-09,Fenway Flea,30.0,nike multicolor
2024-06-09,Fenway Flea,35.0,lauren fireman
2024-06-09,Fenway Flea,20.0,harley
2024-06-09,Fenway Flea,25.0,flare heart jeans
2024-06-09,Fenway Flea,60.0,leather jacket
2024-06-09,Fenway Flea,15.0,maxi skirt
2024-06-09,Fenway Flea,20.0,dickies jeans
2024-06-09,Fenway Flea,30.0,rocawear jacket
2024-06-09,Fenway Flea,20.0,billabong shirt
2024-06-09,Fenway Flea,20.0,money jeans
2024-06-09,Fenway Flea,25.0,red ra hoodie
2024-06-09,Fenway Flea,30.0,southpole jorts
2024-06-09,Fenway Flea,70.0,jnco
2024-06-09,Fenway Flea,20.0,brown dickies
2024-06-09,Fenway Flea,20.0,orange shirt
2024-06-09,Fenway Flea,45.0,suede jacket talon
2024-06-09,Fenway Flea,25.0,lynn hoodie
2024-06-09,Fenway Flea,95.0,"60 leather, 35 music crewneck"
2024-06-09,Fenway Flea,35.0,patriots crew
2024-06-09,Fenway Flea,40.0,academiks jeans
2024-06-09,Fenway Flea,30.0,pink affliction style tank
2024-06-09,Fenway Flea,15.0,harley tank
2024-06-16,Fenway Flea,30.0,blue jeans Carhartt
2024-06-16,Fenway Flea,25.0,Levi’s 550
2024-06-16,Fenway Flea,15.0,lighthouse cardigan
2024-06-16,Fenway Flea,25.0,black Levi’s jorts
2024-06-16,Fenway Flea,20.0,horse crewneck
2024-06-16,Fenway Flea,15.0,patriots turtle neck
2024-06-16,Fenway Flea,30.0,Boston Red Sox grey hoodie
2024-06-16,Fenway Flea,15.0,red heart lace thing
2024-06-16,Fenway Flea,25.0,blue shirt
2024-06-16,Fenway Flea,25.0,twighlight shirt
2024-06-16,Fenway Flea,35.0,pink lace from the flea today
2024-06-16,Fenway Flea,35.0,sky knit sweater
2024-06-16,Fenway Flea,30.0,green Lacoste cardigan
2024-06-16,Fenway Flea,20.0,brand new Harley
2024-06-16,Fenway Flea,30.0,USA jersey
2024-06-16,Fenway Flea,10.0,Carhartt faded tee
2024-06-16,Fenway Flea,40.0,corset
2024-06-16,Fenway Flea,20.0,Bebe shirt
2024-06-16,Fenway Flea,20.0,purple Harley
2024-06-16,Fenway Flea,20.0,black and red lace tank
2024-06-16,Fenway Flea,25.0,black hoodie with pink letters
2024-06-16,Fenway Flea,110.0,"2 champion jerseys, Red Sox tee, rugby, 60s sweat"
2024-06-16,Fenway Flea,75.0,"champion reverse weave, ringer tee"
2024-06-16,Fenway Flea,2.0,"Mickey, sleeveless blouse"
2024-06-16,Fenway Flea,10.0,"Salomon’s, polo shirt, blouse"
2024-06-16,Fenway Flea,15.0,small bean bag
2024-06-16,Fenway Flea,10.0,"Hawaiian, Lee riveted shorts"
2024-06-16,Fenway Flea,60.0,"panda, std shirt, Harley pocket tee,"
2024-06-16,Fenway Flea,40.0,"7 tshirts, another pile of random"
2024-06-16,Fenway Flea,25.0,made well jacket
2024-06-23,Fenway Flea,25.0,True Spec green military cargoes
2024-06-23,Fenway Flea,30.0,Black Levi’s 550
2024-06-23,Fenway Flea,65.0,Burberry trench coat
2024-06-23,Fenway Flea,40.0,sambas
2024-06-23,Fenway Flea,20.0,black and red polo rugby short sleeve
2024-06-23,Fenway Flea,35.0,green Nike crew neck
2024-06-23,Fenway Flea,30.0,plugg jorts
2024-06-23,Fenway Flea,30.0,navy blue polo jacket
2024-06-23,Fenway Flea,10.0,blue and white zip up
2024-06-23,Fenway Flea,50.0,og 107
2024-06-23,Fenway Flea,20.0,women’s jorts with buckle on back
2024-06-23,Fenway Flea,25.0,mudd jeans
2024-06-23,Fenway Flea,35.0,Levi’s Silvertab jorts
2024-06-23,Fenway Flea,25.0,rerock express jeans
2024-06-23,Fenway Flea,65.0,coogie looking cardigan
2024-06-23,Fenway Flea,25.0,Red Sox crew neck navy
2024-06-23,Fenway Flea,30.0,navy Nike crew neck
2024-06-23,Fenway Flea,40.0,Skechers
2024-06-23,Fenway Flea,20.0,guess stripey
2024-06-23,Fenway Flea,15.0,gap purple stripey
2024-06-23,Fenway Flea,55.0,brown leather jacket women
2024-06-23,Fenway Flea,35.0,Levi’s black denim shearling jacket
2024-06-23,Fenway Flea,15.0,tan Carhartt shorts thrashed
2024-06-23,Fenway Flea,15.0,Harley light blue tee
2024-06-30,Fenway Flea,20.0,adidas teal pants
2024-06-30,Fenway Flea,25.0,polo rugby
2024-06-30,Fenway Flea,30.0,penn state
2024-06-30,Fenway Flea,20.0,Chelsea fc Jersey
2024-06-30,Fenway Flea,35.0,Red Sox jersey
2024-06-30,Fenway Flea,25.0,patriots crew neck
2024-06-30,Fenway Flea,25.0,pink Bebe top
2024-06-30,Fenway Flea,25.0,hilfiger jorts
2024-06-30,Fenway Flea,20.0,Motley Crue
2024-06-30,Fenway Flea,25.0,green enere thermal
2024-06-30,Fenway Flea,25.0,bruins jersey
2024-06-30,Fenway Flea,30.0,brown faded dickies carpenter
2024-06-30,Fenway Flea,50.0,Calvin Klein leather
2024-06-30,Fenway Flea,30.0,Levi’s Jean jacket
2024-06-30,Fenway Flea,20.0,baggy ass carpenter shorts
2024-06-30,Fenway Flea,25.0,blue Bebe top
2024-06-30,Fenway Flea,25.0,Carhartt hoodie
2024-06-30,Fenway Flea,10.0,fox racing tee
2024-06-30,Fenway Flea,35.0,patriots big ass Jersey
2024-06-30,Fenway Flea,45.0,idk work jacket
2024-06-30,Fenway Flea,25.0,two short ass shorts
2024-06-30,Fenway Flea,30.0,bruins hoodie
2024-06-30,Fenway Flea,45.0,fur leather jacket
2024-06-30,Fenway Flea,20.0,bdg jorts
2024-06-30,Fenway Flea,25.0,Mexico jersey
2024-06-30,Fenway Flea,70.0,leather jacket
2024-06-30,Fenway Flea,25.0,team Jacob
2024-06-30,Fenway Flea,60.0,diesel jacket
2024-06-30,Fenway Flea,50.0,carhartt
2024-06-30,Fenway Flea,15.0,fox racing
2024-07-12,Brimfield,40.0,converse
2024-07-12,Brimfield,80.0,kikwear
2024-07-12,Brimfield,75.0,doe john jacket
2024-07-12,Brimfield,30.0,varsity jacket
2024-07-12,Brimfield,85.0,double face champion
2024-07-12,Brimfield,50.0,sopranos
2024-07-12,Brimfield,20.0,weaker sopranos
2024-07-12,Brimfield,20.0,twilight
2024-07-12,Brimfield,225.0,vanson leather + bape + jersey
2024-07-12,Brimfield,50.0,peter gabriel shirt
2024-07-12,Brimfield,65.0,landlubber flares
2024-07-12,Brimfield,30.0,sti hoodie
2024-07-12,Brimfield,35.0,$5 bundle
2024-07-12,Brimfield,20.0,green sweater
2024-07-12,Brimfield,25.0,carpenter jorts
2024-07-12,Brimfield,20.0,camo pants
2024-07-20,Found,30.0,Red Sox hoodie
2024-07-20,Found,25.0,Gap tan jeans
2024-07-20,Found,20.0,Grand Canyon tee
2024-07-20,Found,20.0,Polo jeans thermal tee
2024-07-20,Found,15.0,Orange polyester dress
2024-07-20,Found,25.0,Y2K jeans with studs on the cheeks
2024-07-20,Found,25.0,Jordan crew neck
2024-07-20,Found,20.0,Harley Davidson tee with orange letters
2024-07-20,Found,20.0,Light blue collared sweatshirt
2024-07-20,Found,25.0,Ski shirt with people fucking
2024-07-20,Found,25.0,Red Sox hoodie
2024-07-20,Found,30.0,Knit colorful sears?
2024-07-20,Found,25.0,Y2K jeans with big blast on thigh
2024-07-20,Found,10.0,Baby blue Carhartt pocket tee
2024-07-20,Found,25.0,Lucky brand women jeans
2024-07-20,Found,15.0,Krispy creme
2024-07-20,Found,30.0,Carhartt blue jeans
2024-07-20,Found,15.0,Usmc green crewneck
2024-07-20,Found,15.0,Elmo tee
2024-07-20,Found,35.0,Tan cargoes with grid pattern
2024-07-20,Found,25.0,Orange thermal long sleeve
2024-07-20,Found,25.0,Ecko tee
2024-07-20,Found,20.0,Black studded shorts
2024-07-20,Found,20.0,Jekyll yellow tee
2024-07-20,Found,20.0,Ecko unlimited brown cargo shorts
2024-07-20,Found,30.0,Pink lace Corset
2024-07-20,Found,25.0,Some tan y2k jeans
2024-07-20,Found,25.0,Harley with that pirate guy
2024-07-20,Found,25.0,Scarface tshirt
2024-07-20,Found,25.0,Carhartt cargoes
2024-07-20,Found,25.0,Black faded tee w/ white spots on front
2024-07-20,Found,30.0,Corset
2024-07-20,Found,40.0,Polo American flag knit
2024-07-20,Found,50.0,Brown leather jacket
2024-07-20,Found,20.0,Adidas shorts
2024-07-20,Found,30.0,Scoundrel jeans
2024-07-20,Found,25.0,Black studded mini skirt
2024-07-20,Found,20.0,Camo hoodie
2024-07-20,Found,25.0,Red Sox crew neck
2024-07-20,Found,40.0,Black leather jacket
2024-07-20,Found,20.0,Lee dunageers cargo shorts
2024-07-20,Found,35.0,Light brown leather jacket
2024-07-20,Found,20.0,Some pink lace tank
2024-07-20,Found,35.0,Levi’s Sherpa denim
2024-07-20,Found,25.0,Patriots crew
2024-07-20,Found,35.0,Og 107
2024-07-20,Found,15.0,Boof ass America purse
2024-07-20,Found,25.0,Blue Nike hoodie
2024-07-20,Found,25.0,Black tee with blue flames
2024-07-20,Found,25.0,Red urban corset
2024-07-20,Found,20.0,Blue cargo shorts
2024-07-20,Found,40.0,Og 107s
2024-07-20,Found,15.0,Green and brown y2k top with lace bell sleeves
2024-07-20,Found,65.0,Brown leather jacket
2024-07-20,Found,65.0,Brown leather jacket puffy af
2024-07-28,Fenway Flea,25.0,Bedazzled skirt
2024-07-28,Fenway Flea,60.0,Brown leather flight jacket
2024-07-28,Fenway Flea,30.0,Orange Nike center swoosh
2024-07-28,Fenway Flea,20.0,Purple and yellow mesh tank
2024-07-28,Fenway Flea,25.0,Tommy Hilfiger shorts
2024-07-28,Fenway Flea,25.0,Gears of war
2024-07-28,Fenway Flea,15.0,Mountain hardwear shorts
2024-07-28,Fenway Flea,30.0,Dragon ball z
2024-07-28,Fenway Flea,25.0,Fox racing green shirt
2024-07-28,Fenway Flea,40.0,Some brown women’s leather jacket
2024-07-28,Fenway Flea,25.0,Coach bag
2024-07-28,Fenway Flea,25.0,Black Harley 04
2024-08-03,Found + Fenway (weekend),15.0,Avu green canvas shorts
2024-08-03,Found + Fenway (weekend),15.0,Some brown nylon shorts
2024-08-03,Found + Fenway (weekend),30.0,Roca wear capris
2024-08-03,Found + Fenway (weekend),25.0,White y2k top with red and orange
2024-08-03,Found + Fenway (weekend),25.0,Miami hurricanes sweatshirt
2024-08-03,Found + Fenway (weekend),25.0,Red Sox jersey
2024-08-03,Found + Fenway (weekend),20.0,Heart print hoodie with some fur
2024-08-03,Found + Fenway (weekend),70.0,Brown leather
2024-08-03,Found + Fenway (weekend),15.0,Pink and white lace that xl one
2024-08-03,Found + Fenway (weekend),20.0,Victoria secret hot pink lace
2024-08-03,Found + Fenway (weekend),20.0,Boston all stars navy tee
2024-08-03,Found + Fenway (weekend),50.0,Baby phat denim fur jacket
2024-08-03,Found + Fenway (weekend),20.0,Green bra zip up
2024-08-03,Found + Fenway (weekend),55.0,Dunsbrooke jacket
2024-08-03,Found + Fenway (weekend),35.0,Silvertab jeans
2024-08-03,Found + Fenway (weekend),25.0,Skull black tee
2024-08-03,Found + Fenway (weekend),15.0,Grey Carhartt shorts
2024-08-03,Found + Fenway (weekend),30.0,Dark blue and orange jorts
2024-08-03,Found + Fenway (weekend),35.0,Mo jeans jorts
2024-08-03,Found + Fenway (weekend),25.0,Black Levi’s jorts
2024-08-03,Found + Fenway (weekend),25.0,Red rugby
2024-08-11,Fenway Flea,30.0,Light wash carpenter jeans
2024-08-11,Fenway Flea,20.0,White Harley Davidson Ringer
2024-08-11,Fenway Flea,15.0,Red Sox grey long sleeve
2024-08-11,Fenway Flea,25.0,Camo Pants
2024-08-11,Fenway Flea,20.0,Wrangler jeans
2024-08-11,Fenway Flea,30.0,Camo cargo pants
2024-08-11,Fenway Flea,10.0,Beer Hawaiian shirt
2024-08-11,Fenway Flea,20.0,No fear white shirt
2024-08-11,Fenway Flea,25.0,Harley Davidson jeans
2024-08-11,Fenway Flea,20.0,Carhartt green shorts
2024-08-11,Fenway Flea,65.0,Red leather bomber jacket
2024-08-11,Fenway Flea,15.0,Green Abercrombie Skirt
2024-08-11,Fenway Flea,60.0,Brown leather flight jacket
2024-08-11,Fenway Flea,20.0,Camp cargo shorts
2024-08-11,Fenway Flea,45.0,Seville? Black Leather jacket
2024-08-11,Fenway Flea,35.0,Brown leather jacket
2024-08-11,Fenway Flea,15.0,Lee camo cargo shorts
2024-08-11,Fenway Flea,15.0,Grey cargo shorts
2024-08-11,Fenway Flea,15.0,Ll bean jorts
2024-08-11,Fenway Flea,25.0,Coach purse
2024-08-11,Fenway Flea,15.0,White long ass slip
2024-08-11,Fenway Flea,20.0,Black and red corset thing
2024-08-11,Fenway Flea,30.0,Levi’s orange tab jorts
2024-08-11,Fenway Flea,45.0,Cropped dark wash denim jacket
2024-08-11,Fenway Flea,25.0,Arizona jeans carpenter jorts
2024-08-11,Fenway Flea,30.0,Grey Carhartt jeans
2024-08-11,Fenway Flea,25.0,Carhartt wip jeans
2024-08-11,Fenway Flea,15.0,Black lace tank
2024-08-11,Fenway Flea,25.0,Phat farm jorts
2024-08-11,Fenway Flea,25.0,American eagle khakis
2024-08-17,Found + Fenway (weekend),40.0,Navy Detroit like jacket
2024-08-17,Found + Fenway (weekend),20.0,Black wrangler jorts
2024-08-17,Found + Fenway (weekend),25.0,Patriots windbreaker v neck
2024-08-17,Found + Fenway (weekend),35.0,Og 107
2024-08-17,Found + Fenway (weekend),25.0,Jantzen teal cardigan
2024-08-17,Found + Fenway (weekend),25.0,Red Sox jersey with mad colors
2024-08-17,Found + Fenway (weekend),30.0,Green faded jeans
2024-08-17,Found + Fenway (weekend),20.0,Hells angels tee
2024-08-17,Found + Fenway (weekend),20.0,Tan Carhartt looking vest
2024-08-17,Found + Fenway (weekend),20.0,Pink corset
2024-08-17,Found + Fenway (weekend),25.0,Purple and black corset
2024-08-17,Found + Fenway (weekend),25.0,Black velvet sheer top
2024-08-17,Found + Fenway (weekend),15.0,Grey Red Sox tee
2024-08-17,Found + Fenway (weekend),20.0,Brown polo women’s hoodie
2024-08-17,Found + Fenway (weekend),25.0,Idk big ass Jean shorts
2024-08-17,Found + Fenway (weekend),15.0,Pink top with a bow and trim at the top
2024-08-17,Found + Fenway (weekend),7.5,Bando top
2024-08-17,Found + Fenway (weekend),25.0,Scandal grey jeans
2024-08-17,Found + Fenway (weekend),25.0,White mini skirt
2024-08-17,Found + Fenway (weekend),20.0,Navy billabong tee
2024-08-17,Found + Fenway (weekend),20.0,Orangey y2k top
2024-08-17,Found + Fenway (weekend),30.0,Sashimi brown y2k jacket
2024-08-17,Found + Fenway (weekend),30.0,Seven brand y2k jeans
2024-08-17,Found + Fenway (weekend),25.0,Navy blue lingerie slip
2024-08-17,Found + Fenway (weekend),25.0,Glitter gold mini skirt
2024-08-17,Found + Fenway (weekend),60.0,Brown Carhartt jacket
2024-08-17,Found + Fenway (weekend),7.5,Bando top 2
2024-08-17,Found + Fenway (weekend),25.0,Ekko jorts
2024-08-17,Found + Fenway (weekend),25.0,White cropped y2k top with red and black collar
2024-08-31,Found + Fenway (weekend),40.0,Carhartt double knee jeans
2024-08-31,Found + Fenway (weekend),15.0,Tan cargo shorts
2024-08-31,Found + Fenway (weekend),25.0,Idk big ass light wash jorts
2024-08-31,Found + Fenway (weekend),20.0,True religion skinnier fit jeans
2024-08-31,Found + Fenway (weekend),25.0,Carhartt shorts
2024-08-31,Found + Fenway (weekend),15.0,White stag skirt
2024-08-31,Found + Fenway (weekend),20.0,Women’s long jorts with print on cheeks
2024-08-31,Found + Fenway (weekend),70.0,Black leather biker jacket
2024-08-31,Found + Fenway (weekend),15.0,Old navy green cargo shorts
2024-08-31,Found + Fenway (weekend),25.0,Karl Kani jorts
2024-08-31,Found + Fenway (weekend),20.0,Wrangler jorts
2024-08-31,Found + Fenway (weekend),20.0,Kid cargo jeans
2024-08-31,Found + Fenway (weekend),30.0,Women’s buffalo brand jeans
2024-08-31,Found + Fenway (weekend),15.0,Nautica brown cargo shorts
2024-08-31,Found + Fenway (weekend),20.0,Camo cargo shorts
2024-08-31,Found + Fenway (weekend),20.0,Bayern jersey
2024-08-31,Found + Fenway (weekend),20.0,Patriots navy hoodie
2024-08-31,Found + Fenway (weekend),20.0,Red Sox tee
2024-08-31,Found + Fenway (weekend),15.0,Red Sox baby blue tank
2024-08-31,Found + Fenway (weekend),15.0,Kavu long shorts
2024-08-31,Found + Fenway (weekend),20.0,Green cargo shorts
2024-08-31,Found + Fenway (weekend),10.0,Knit polo women’s top stretchy brown
2024-08-31,Found + Fenway (weekend),25.0,True spec black cargoes
2024-08-31,Found + Fenway (weekend),25.0,Small cargo shorts
2024-08-31,Found + Fenway (weekend),20.0,Brown and white lace top
2024-08-31,Found + Fenway (weekend),25.0,Scandal jeans
2024-08-31,Found + Fenway (weekend),60.0,Green Carhartt
2024-08-31,Found + Fenway (weekend),25.0,Dale racing tee
2024-08-31,Found + Fenway (weekend),30.0,Gucci red top
2024-08-31,Found + Fenway (weekend),15.0,Juicy couture light blue top
2024-08-31,Found + Fenway (weekend),10.0,Hello kitty shorts
2024-08-31,Found + Fenway (weekend),25.0,Polo tan cargoes
2024-08-31,Found + Fenway (weekend),25.0,Scandal gold details mini skirt
2024-08-31,Found + Fenway (weekend),15.0,Red Sox and Celtics collab hoodie
2024-08-31,Found + Fenway (weekend),20.0,Wrangler jorts
2024-08-31,Found + Fenway (weekend),15.0,Harley Davidson fleece
2024-08-31,Found + Fenway (weekend),20.0,Patriots blue v neck shirt
2024-08-31,Found + Fenway (weekend),55.0,Green Carhartt jacket
2024-09-05,Brimfield,140.0,military liner
2024-09-05,Brimfield,120.0,"80s bean, 70s bean shirt, random 70s tee"
2024-09-05,Brimfield,100.0,bell systems tote
2024-09-05,Brimfield,45.0,mcgregor loop
2024-09-05,Brimfield,120.0,hanover rug cleaners loop
2024-09-05,Brimfield,140.0,"army jacket, ll bean boot tote, patagonia vest"
2024-09-05,Brimfield,30.0,thermal hoodie orange
2024-09-05,Brimfield,20.0,art tee
2024-09-05,Brimfield,80.0,ll bean leather jacket
2024-09-05,Brimfield,30.0,pile
2024-09-05,Brimfield,15.0,pile
2024-09-05,Brimfield,50.0,sateen
2024-09-05,Brimfield,60.0,fucked up jersey
2024-09-05,Brimfield,40.0,ll bean bundle
2024-09-05,Brimfield,10.0,converse made
2024-09-05,Brimfield,55.0,military pants + nike hat
2024-09-05,Brimfield,60.0,harley jacket
2024-09-05,Brimfield,40.0,60s green sweater
2024-09-06,Brimfield,45.0,leather
2024-09-06,Brimfield,20.0,polo + 5 pile
2024-09-06,Brimfield,80.0,hats
2024-09-06,Brimfield,10.0,pile
2024-09-06,Brimfield,15.0,pile
2024-09-06,Brimfield,15.0,skull tee
2024-09-06,Brimfield,10.0,mickey hat
2024-09-06,Brimfield,10.0,2 hats
2024-09-08,Fenway Flea,30.0,Red Sox jersey
2024-09-08,Fenway Flea,30.0,Red Sox jersey
2024-09-08,Fenway Flea,40.0,Green polo jacket
2024-09-08,Fenway Flea,20.0,Patriots crew
2024-09-08,Fenway Flea,20.0,Black halter top
2024-09-08,Fenway Flea,20.0,Red Sox jacket
2024-09-08,Fenway Flea,30.0,Zana di jeans
2024-09-08,Fenway Flea,20.0,Red skull tee
2024-09-08,Fenway Flea,20.0,Jorts
2024-09-08,Fenway Flea,20.0,Blue tee
2024-09-08,Fenway Flea,50.0,Carhartt chore
2024-09-08,Fenway Flea,5.0,Bando top
2024-09-08,Fenway Flea,20.0,Mini skirt
2024-09-08,Fenway Flea,20.0,Carhartt jeans
2024-09-08,Fenway Flea,20.0,Red and yellow jersey
2024-09-08,Fenway Flea,20.0,Pink hoodie
2024-09-08,Fenway Flea,25.0,Carhartt grey pants
2024-09-08,Fenway Flea,35.0,Reba
2024-09-08,Fenway Flea,20.0,Red Sox tee
2024-09-08,Fenway Flea,20.0,Green cord jacket
2024-09-08,Fenway Flea,15.0,Orange baby tee
2024-09-08,Fenway Flea,30.0,Rock republic jeans
2024-09-08,Fenway Flea,70.0,s women’s colorful top- 35
2024-09-08,Fenway Flea,30.0,Girbaud jeans
2024-09-08,Fenway Flea,40.0,Patriots canvas jacket
2024-09-08,Fenway Flea,20.0,Man U jersey
2024-09-08,Fenway Flea,20.0,Studded y2k jeans
2024-09-08,Fenway Flea,25.0,Pink slip
2024-09-08,Fenway Flea,10.0,Black studded tank
2024-09-08,Fenway Flea,30.0,Denim maxi skirt
2024-09-15,Select Markets,100.0,harley + phat farm
2024-09-15,Select Markets,80.0,y2k jorts
2024-09-15,Select Markets,25.0,leather corset
2024-09-15,Select Markets,20.0,southpole
2024-09-15,Select Markets,40.0,mossy oak
2024-09-15,Select Markets,15.0,belt
2024-09-15,Select Markets,60.0,"bundle, harley, belt, pile"
2024-09-15,Select Markets,20.0,purse
2024-09-15,Select Markets,5.0,camo shorts
2024-09-15,Select Markets,10.0,dickies pile
2024-09-15,Select Markets,20.0,top
2024-09-15,Select Markets,35.0,southpole jeans
2024-09-15,Select Markets,50.0,harley + jeans
2024-09-15,Select Markets,20.0,pile
2024-09-15,Select Markets,95.0,jeans + night wish
2024-09-15,Select Markets,20.0,carhartt
2024-09-15,Select Markets,20.0,real tree
2024-09-15,Select Markets,25.0,denim skirt
2024-09-15,Select Markets,20.0,godsmack
2024-09-15,Select Markets,20.0,denim skirt
2024-09-15,Select Markets,8.0,purse
2024-09-15,Select Markets,35.0,duke
2024-09-15,Select Markets,20.0,adidas
2024-09-15,Select Markets,20.0,sturgis
2024-09-15,Select Markets,25.0,jorts
2024-09-15,Select Markets,20.0,canadá jersey
2024-09-15,Select Markets,25.0,biker top
2024-09-15,Select Markets,60.0,bundle
2024-09-15,Select Markets,30.0,jeans
2024-09-15,Select Markets,22.5,jersey
2024-09-15,Select Markets,15.0,carhartt hoodie
2024-09-15,Select Markets,15.0,lace
2024-09-15,Select Markets,20.0,y2k top
2024-09-15,Select Markets,17.0,y2k top
2024-09-15,Select Markets,45.0,2 lace
2024-09-15,Select Markets,30.0,jeans
2024-09-15,Select Markets,25.0,cardigan
2024-09-15,Select Markets,10.0,belt
2024-09-15,Select Markets,25.0,jeans
2024-09-15,Select Markets,20.0,polo sweater
2024-09-15,Select Markets,35.0,jeans
2024-09-15,Select Markets,30.0,true religion black jeans
2024-09-15,Select Markets,20.0,y2k top
2024-09-15,Select Markets,40.0,tripp
2024-09-15,Select Markets,25.0,cardigan
2024-09-15,Select Markets,25.0,rugby
2024-09-15,Select Markets,30.0,yankee center swoosh
2024-09-15,Select Markets,100.0,nascar
2024-09-15,Select Markets,40.0,akademoms
2024-09-15,Select Markets,20.0,sweater
2024-09-15,Select Markets,80.0,leather
2024-09-15,Select Markets,30.0,moma hoodie
2024-09-15,Select Markets,16.0,carhartt hoodie
2024-09-15,Select Markets,23.0,nascar sweater
2024-09-15,Select Markets,35.0,diesel jeans
2024-09-15,Select Markets,25.0,skirt
2024-09-15,Select Markets,20.0,purse
2024-09-15,Select Markets,25.0,pile
2024-09-15,Select Markets,10.0,pile
2024-09-15,Select Markets,20.0,rugby
2024-09-15,Select Markets,30.0,ed hardy
2024-09-15,Select Markets,15.0,pink zip ip
2024-09-15,Select Markets,45.0,harley shirt + y2k zip up
2024-09-15,Select Markets,35.0,silvertab baggy
2024-09-15,Select Markets,20.0,carhartt cargo
2024-09-15,Select Markets,5.0,pile
2024-09-15,Select Markets,70.0,tommy jacket + polo harrington
2024-09-15,Select Markets,30.0,gray jeans
2024-09-15,Select Markets,25.0,ecko jorts
2024-09-15,Select Markets,30.0,plugg jeans
2024-09-15,Select Markets,35.0,chore coat
2024-09-28,BS Boutique,15.0,purse
2024-09-28,BS Boutique,15.0,top
2024-09-28,BS Boutique,20.0,something
2024-09-28,BS Boutique,25.0,orange long sleeve
2024-09-28,BS Boutique,90.0,bundle
2024-09-28,BS Boutique,30.0,harley sweater
2024-09-28,BS Boutique,20.0,skirt
2024-09-28,BS Boutique,20.0,harley top
2024-09-28,BS Boutique,25.0,harley button up
2024-09-28,BS Boutique,25.0,jeans flare
2024-09-28,BS Boutique,30.0,harley zip
2024-09-28,BS Boutique,20.0,y2k zip
2024-09-28,BS Boutique,15.0,
2024-09-28,BS Boutique,15.0,
2024-09-28,BS Boutique,50.0,
2024-09-28,BS Boutique,30.0,
2024-09-28,BS Boutique,30.0,
2024-09-28,BS Boutique,15.0,
2024-09-28,BS Boutique,15.0,
2024-09-28,BS Boutique,20.0,
2024-09-28,BS Boutique,30.0,
2024-09-28,BS Boutique,45.0,
2024-09-28,BS Boutique,45.0,
2024-09-28,BS Boutique,25.0,
2024-09-28,BS Boutique,20.0,
2024-09-28,BS Boutique,25.0,
2024-09-28,BS Boutique,20.0,
2024-09-28,BS Boutique,45.0,
2024-09-28,BS Boutique,15.0,
2024-09-28,BS Boutique,40.0,
2024-09-29,Fenway Flea,50.0,coach purse
2024-09-29,Fenway Flea,45.0,coach
2024-09-29,Fenway Flea,30.0,coach
2024-09-29,Fenway Flea,35.0,coach purse
2024-09-29,Fenway Flea,25.0,biker shirt
2024-09-29,Fenway Flea,25.0,affliction style shirt
2024-09-29,Fenway Flea,25.0,affliction
2024-09-29,Fenway Flea,15.0,harley tank
2024-09-29,Fenway Flea,15.0,nike crewe
2024-09-29,Fenway Flea,20.0,affliction
2024-09-29,Fenway Flea,45.0,affliction bundle
2024-09-29,Fenway Flea,20.0,harley shirt
2024-09-29,Fenway Flea,20.0,
2024-10-05,Found,25.0,Duke varsity jacket
2024-10-05,Found,10.0,Pink lace slip tank
2024-10-05,Found,20.0,White and gold cross tee
2024-10-05,Found,20.0,Harley with girl on the back
2024-10-05,Found,20.0,Jorts carpenter
2024-10-05,Found,25.0,Pendleton navy knit
2024-10-05,Found,8.0,White Lace tank
2024-10-05,Found,20.0,Grey Harley tee
2024-10-05,Found,15.0,Mossimo orange long sleeve
2024-10-05,Found,25.0,Red Sox jersey
2024-10-05,Found,20.0,Blue affliction type tee
2024-10-05,Found,25.0,Blue affliction type tee
2024-10-05,Found,25.0,Brown affliction type tee
2024-10-05,Found,20.0,Pendleton striped blue red knit
2024-10-05,Found,25.0,Green affliction type tee
2024-10-05,Found,20.0,Black leather skirt
2024-10-05,Found,15.0,Grey Harley tee
2024-10-05,Found,25.0,Y2K flares w shiny shit on the belt loops
2024-10-05,Found,25.0,Royal northern blue knit
2024-10-05,Found,25.0,Lisa grey and red wool varsity
2024-10-05,Found,15.0,Grey Harley tee with guitar
2024-10-05,Found,15.0,Black Harley with big HD
2024-10-05,Found,40.0,Leather jacket with fur
2024-10-05,Found,50.0,Black Leather bomber
2024-10-05,Found,30.0,Levi’s denim jacket
2024-10-05,Found,5.0,Bando bs top
2024-10-05,Found,20.0,Black Harley tee
2024-10-05,Found,20.0,Snoopy Halloween crewneck
2024-10-05,Found,25.0,Illinois Russel crewneck
2024-10-05,Found,25.0,Alcatraz tee
2024-10-05,Found,20.0,Some desert tee
2024-10-05,Found,20.0,Brazil jersey
2024-10-05,Found,20.0,Syracuse orange crew
2024-10-05,Found,20.0,Snoopy Halloween baby tee
2024-10-12,Found,10.0,Bike week tank
2024-10-12,Found,75.0,Harley Davidson leather with wool
2024-10-12,Found,40.0,That rave black jacket
2024-10-12,Found,20.0,That checkered fleece from last year
2024-10-12,Found,20.0,Red juicy couture zip up
2024-10-12,Found,25.0,Mini skirt
2024-10-12,Found,20.0,No boudaries mini skirt
2024-10-12,Found,20.0,Brown sheer top
2024-10-12,Found,25.0,Black Carhartt hoodie
2024-10-12,Found,20.0,Affliction style brown top
2024-10-12,Found,15.0,Crystal castles baby tee
2024-10-12,Found,15.0,Big ass jean shorts
2024-10-12,Found,20.0,Multi colored grandma knit
2024-10-12,Found,15.0,Jaguars teal tee
2024-10-12,Found,30.0,Sears tan jacket
2024-10-12,Found,25.0,Patagonia teal
2024-10-12,Found,7.5,Bando red shirt
2024-10-12,Found,20.0,Lei mini skirt
2024-10-12,Found,20.0,Patriots Nike long sleeve navy
2024-10-13,Bow Vintage,150.0,boston glove messenger
2024-10-13,Bow Vintage,30.0,carhartt pants
2024-10-13,Bow Vintage,25.0,cardigan
2024-10-13,Bow Vintage,45.0,blue leather
2024-10-13,Bow Vintage,25.0,carhartt pants
2024-10-13,Bow Vintage,40.0,camo jacket
2024-10-13,Bow Vintage,15.0,bird top
2024-10-13,Bow Vintage,25.0,affliction style shirt white
2024-10-13,Bow Vintage,20.0,cream maxi
2024-10-13,Bow Vintage,25.0,polo knit
2024-10-13,Bow Vintage,20.0,ecko zip
2024-10-13,Bow Vintage,45.0,leather
2024-10-13,Bow Vintage,20.0,grump sweater
2024-10-13,Bow Vintage,15.0,diva tank
2024-10-19,Found,25.0,Penzoil nascar tee
2024-10-19,Found,35.0,Calvin Klein denim jacket
2024-10-19,Found,15.0,Black lace tank
2024-10-19,Found,45.0,Black leather bomber
2024-10-19,Found,15.0,Grey Red Sox tank
2024-10-19,Found,30.0,Brown Carhartt pants
2024-10-19,Found,20.0,Brown studded purse
2024-10-19,Found,30.0,Emilio pucci top
2024-10-19,Found,10.0,Black and white tank
2024-10-19,Found,7.5,Bando top
2024-10-19,Found,25.0,Tan small purse with buckles
2024-10-19,Found,25.0,Black affliction tee
2024-10-19,Found,20.0,Urban behavior brown jacket
2024-10-19,Found,50.0,Black smaller coach
2024-10-19,Found,20.0,Mini skirt with gold shit
2024-10-19,Found,50.0,Big coach bag black
2024-10-19,Found,15.0,Harley Davidson tank
2024-10-19,Found,30.0,Brown something creek brand fleece
2024-10-19,Found,20.0,Black sequin top
2024-10-19,Found,20.0,Denim mini skirt with rhinestones
2024-10-19,Found,25.0,Long denim skirt
2024-10-19,Found,15.0,Italy black y2k top
2024-10-19,Found,20.0,Red angel y2k tee
2024-10-19,Found,15.0,Baseball tee
2024-10-26,Found,50.0,Schott perfecto leather jacket
2024-10-26,Found,50.0,Red leather jacket
2024-10-26,Found,25.0,Patriots pullover
2024-10-26,Found,55.0,Red suede leather jacket
2024-10-26,Found,25.0,Yellow lands end knit
2024-10-26,Found,25.0,Turquoise Harley zip up
2024-10-26,Found,80.0,Dale Earnhardt black nascar jacket
2024-10-26,Found,20.0,Small blue purse
2024-10-26,Found,55.0,Levi’s brown leather
2024-10-26,Found,7.5,Bando dare tee
2024-10-26,Found,30.0,Suede and fur jacket
2024-10-26,Found,50.0,Leather biker jacket
2024-10-26,Found,25.0,Cargo shorts
2024-10-26,Found,20.0,Tan Carhartt deadstock jeans
2024-10-26,Found,25.0,Red Sox pullover
2024-10-26,Found,95.0,Calvin Klein Leather biker
2024-10-26,Found,25.0,Green affliction type tee
2024-10-26,Found,25.0,Blue affliction type tee
2024-10-26,Found,5.0,Bando top
2024-10-26,Found,20.0,Aeropostale pink long sleeve
2024-10-26,Found,30.0,True religion flares
2024-10-26,Found,25.0,Denim mini skirt
2024-10-26,Found,25.0,Red affliction type tee
2024-10-26,Found,120.0,NASCAR Lowe’s jacket
2024-10-26,Found,30.0,Octoberfest tee
2024-10-26,Found,5.0,Dare Bando tee
2024-11-02,Found,115.0,nascar jacket
2024-11-02,Found,30.0,mfg jeans
2024-11-02,Found,20.0,green rugby
2024-11-02,Found,30.0,harley zip
2024-11-02,Found,20.0,harley girl top
2024-11-02,Found,80.0,70 sears leather
2024-11-02,Found,30.0,lands end bomber
2024-11-02,Found,45.0,starter notre dame
2024-11-02,Found,30.0,lands end sweater
2024-11-02,Found,30.0,grandma sweater
2024-11-02,Found,20.0,bear grandma sweater
2024-11-02,Found,30.0,paco jeans
2024-11-02,Found,50.0,black leather jacket
2024-11-02,Found,135.0,harley chicago leather
2024-11-02,Found,60.0,raiders jacket
2024-11-02,Found,25.0,affliction shirt
2024-11-16,Select Markets,20.0,abercrombie hoodie wholesale
2024-11-16,Select Markets,25.0,juicy couture sweats
2024-11-16,Select Markets,5.0,jersey pile
2024-11-16,Select Markets,25.0,affliction style shirt
2024-11-16,Select Markets,40.0,blue coach purse
2024-11-16,Select Markets,15.0,black lace top
2024-11-16,Select Markets,10.0,army pants oile
2024-11-16,Select Markets,50.0,army jacket
2024-11-16,Select Markets,20.0,black leather purse
2024-11-16,Select Markets,5.0,pink pile
2024-11-16,Select Markets,10.0,picasso dress pile
2024-11-16,Select Markets,20.0,plaid skirt
2024-11-16,Select Markets,35.0,coach purse
2024-11-16,Select Markets,20.0,nascar shirt
2024-11-16,Select Markets,70.0,ed hardy jeans
2024-11-16,Select Markets,25.0,camo sweater
2024-11-16,Select Markets,10.0,stoughtin jacket
2024-11-16,Select Markets,20.0,brown top
2024-11-16,Select Markets,20.0,affliction shirt blue
2024-11-16,Select Markets,65.0,southpole
2024-11-16,Select Markets,7.0,pile
2024-11-16,Select Markets,20.0,red cardigan
2024-11-16,Select Markets,23.0,vest top
2024-11-16,Select Markets,35.0,white skirt + pile
2024-11-16,Select Markets,35.0,pj mark jeans
2024-11-16,Select Markets,10.0,harley jeans
2024-11-16,Select Markets,20.0,white skirt
2024-11-16,Select Markets,20.0,affliction shirt
2024-11-16,Select Markets,75.0,ig brand jeans
2024-11-16,Select Markets,25.0,kuhl pants
2024-11-16,Select Markets,10.0,army pile
2024-11-16,Select Markets,55.0,levi sherpa jacket
2024-11-16,Select Markets,25.0,purple affliction shirt
2024-11-16,Select Markets,35.0,fur jacket
2024-11-16,Select Markets,10.0,army oile
2024-11-16,Select Markets,5.0,puffer from bando
2024-11-16,Select Markets,25.0,brazil jerssy
2024-11-16,Select Markets,15.0,brown lace top
2024-11-16,Select Markets,20.0,pink purse
2024-11-16,Select Markets,5.0,nike hoodie
2024-11-16,Select Markets,5.0,magic crew
2024-11-16,Select Markets,40.0,denim jacket zip up
2024-11-16,Select Markets,20.0,argentina
2024-11-16,Select Markets,10.0,green lace
2024-11-16,Select Markets,10.0,pile
2024-11-16,Select Markets,15.0,pile
2024-11-16,Select Markets,5.0,pile
2024-11-16,Select Markets,25.0,gap carpenter
2024-11-16,Select Markets,25.0,nike windbreaker
2024-11-16,Select Markets,25.0,floral top
2024-11-16,Select Markets,5.0,pile
2024-11-16,Select Markets,17.0,harley top red
2024-11-16,Select Markets,120.0,nascqr
2024-11-16,Select Markets,20.0,levi cargo
2024-11-16,Select Markets,25.0,denim jacket
2024-11-16,Select Markets,65.0,red sox
2024-11-16,Select Markets,20.0,brown purse
2024-11-16,Select Markets,25.0,affliction style shirt
2024-11-16,Select Markets,220.0,t shirt bundle
2024-11-19,UML Event,20.0,some lace top
2024-11-19,UML Event,25.0,skirt
2024-11-19,UML Event,60.0,leather
2024-11-19,UML Event,15.0,acg
2024-11-19,UML Event,45.0,2 affliction shirts
2024-11-19,UML Event,20.0,affliction shirt
2024-11-19,UML Event,45.0,carhartt double knee
2024-11-19,UML Event,20.0,green girl shirt
2024-11-19,UML Event,20.0,pink lace top
2024-11-19,UML Event,20.0,off the shoulder top
2024-11-19,UML Event,25.0,plaid skirt
2024-11-19,UML Event,37.0,ecko puffer
2024-11-19,UML Event,17.0,red sox shirt
2024-11-19,UML Event,15.0,carhartt hoodie
2024-11-19,UML Event,25.0,pink pants
2024-11-19,UML Event,25.0,patriots crew
2024-11-19,UML Event,15.0,dickies
2024-11-19,UML Event,15.0,black ops
2024-11-19,UML Event,15.0,james dean
2024-11-19,UML Event,25.0,red lace top
2024-11-19,UML Event,25.0,denim skirt
2024-11-19,UML Event,25.0,affliction shirt
2024-11-19,UML Event,40.0,nascar shirt
2024-11-19,UML Event,15.0,brown top
2024-11-19,UML Event,15.0,bike top
2024-11-19,UML Event,15.0,southpole
2024-11-19,UML Event,15.0,stooges
2024-11-19,UML Event,15.0,acg
2024-11-19,UML Event,25.0,carhartt shorts
2024-11-21,BS Boutique,25.0,black purse
2024-11-21,BS Boutique,20.0,lulu sweater
2024-11-21,BS Boutique,25.0,jacket gray
2024-11-21,BS Boutique,40.0,demonia boots
2024-11-21,BS Boutique,25.0,sweater
2024-11-21,BS Boutique,20.0,harley red
2024-11-21,BS Boutique,25.0,aeropostale jeans
2024-11-21,BS Boutique,25.0,multicolor turtleneck sweater
2024-11-21,BS Boutique,20.0,grandma flower knit
2024-11-21,BS Boutique,25.0,purple knit
2025-02-15,Select Markets,80.0,harley + top
2025-02-15,Select Markets,50.0,2 ralph sweaters
2025-02-15,Select Markets,40.0,wake and bake
2025-02-15,Select Markets,70.0,gap leather
2025-02-15,Select Markets,20.0,vs top
2025-02-15,Select Markets,45.0,harley knit
2025-02-15,Select Markets,50.0,brown leather
2025-05-13,Brimfield,5000.0,1940s Levi’s 506xx First Edition Type 1 Denim Jacket
2025-05-13,Brimfield,1200.0,80s LL Bean 2-Way Boat and Tote Backpack
2025-05-13,Brimfield,2300.0,Unrecorded sales (too busy to log individually)
2025-08-09,Market,60.0,brown leather
2025-08-09,Market,25.0,vs fruit slip
2025-08-09,Market,20.0,express shorts
2025-08-09,Market,10.0,hang sweater
2025-08-09,Market,20.0,super bowl long sleeve
2025-08-09,Market,15.0,crazy silver belt
2025-08-09,Market,35.0,leather vest
2025-08-09,Market,20.0,harley shirt cash
2025-08-09,Market,15.0,v neck blouse
2025-08-09,Market,20.0,tiny coach purse
2025-08-09,Market,20.0,fur bag
2025-08-09,Market,15.0,rustler jorts
2025-08-10,Market,15.0,nautica multicolor polo
2025-08-10,Market,20.0,patriots crew neck
2025-08-10,Market,20.0,patriots crew - cash
2025-08-10,Market,30.0,tom brady shirt - cash
2025-08-10,Market,30.0,southpole jorts - cash
2025-08-10,Market,15.0,vs slip
2025-08-10,Market,25.0,bebe top
2025-08-10,Market,35.0,rock revival jeans
2025-08-10,Market,20.0,pants idk
2025-08-10,Market,30.0,idk
2025-08-10,Market,20.0,nautica knit
2025-08-10,Market,20.0,adidas track
2025-08-10,Market,30.0,christian dior pants - cash
2025-08-10,Market,10.0,stone belt- cash
2025-08-17,Fenway Flea,25.0,Grey Red Sox crewneck
2025-08-17,Fenway Flea,15.0,Red Sox baby tee
2025-08-17,Fenway Flea,25.0,Red Sox navy jacket
2025-08-17,Fenway Flea,40.0,Red Sox white jersey
2025-08-17,Fenway Flea,35.0,White Red Sox jersey
2025-08-17,Fenway Flea,30.0,Red Sox kids jersey
2025-08-17,Fenway Flea,30.0,Tatum jersey
2025-08-17,Fenway Flea,35.0,Red Sox red jersey
2025-08-17,Fenway Flea,30.0,Red Sox jersey white
2025-08-17,Fenway Flea,35.0,Navy Red Sox jersey
2025-08-17,Fenway Flea,10.0,Red Sox navy tee
2025-08-17,Fenway Flea,15.0,Red Sox navy tee
2025-08-17,Fenway Flea,20.0,Celtics grey zip up
2025-08-17,Fenway Flea,25.0,Red Sox Nike zip up
2025-08-17,Fenway Flea,35.0,Red Sox jersey red
2025-08-17,Fenway Flea,15.0,Grey Red Sox tee
2025-08-24,Fenway Flea,15.0,grey Red Sox
2025-08-24,Fenway Flea,20.0,04 white Red Sox
2025-08-24,Fenway Flea,10.0,navy Red Sox tee
2025-08-24,Fenway Flea,15.0,Red Sox hoodie
2025-08-24,Fenway Flea,20.0,navy Red Sox baby tee
2025-08-24,Fenway Flea,25.0,apples Red Sox tee
2025-08-24,Fenway Flea,25.0,Red Sox nylon jacket
2025-08-24,Fenway Flea,10.0,grey Red Sox tee
2025-08-24,Fenway Flea,25.0,Red Sox nylon
2025-08-24,Fenway Flea,15.0,black Red Sox tee
2025-08-24,Fenway Flea,30.0,Red Sox jersey
2025-08-24,Fenway Flea,15.0,Red Sox kids jersey
2025-08-24,Fenway Flea,30.0,navy Red Sox jersey
2025-09-04,Brimfield,500.0,80s LL bean deluxe tote
2025-09-04,Brimfield,350.0,80s LL bean beach backpack bag
2025-09-04,Brimfield,100.0,40s ll bean duffle bag
2025-09-04,Brimfield,60.0,pink polo harrington jacket
2025-09-16,Instagram,2250.0,four 80s LL Bean Deluxe Boat and Tote Bags - xl size
2025-12-13,Instagram,385.0,80s LL Bean Deluxe Boat and Tote Bag - tall
2026-05-29,Downtown Crossing,35.0,red sox jersey blank
2026-05-29,Downtown Crossing,12.5,tweety crewneck
2026-05-29,Downtown Crossing,15.0,denim jacket
2026-05-29,Downtown Crossing,100.0,nascar blue jacket
2026-05-29,Downtown Crossing,30.0,red sox jersey varitek
2026-05-29,Downtown Crossing,20.0,izod harrington jacket yellow
2026-05-29,Downtown Crossing,20.0,chicago bulls hoodie
2026-05-29,Downtown Crossing,15.0,green dress
2026-05-29,Downtown Crossing,20.0,red sox hoodie
2026-05-29,Downtown Crossing,20.0,polo quarter zip
2026-05-29,Downtown Crossing,25.0,izod harrington jacket cream
2026-05-29,Downtown Crossing,25.0,polo red zip up sweatshirt
2026-05-29,Downtown Crossing,20.0,red sox hoodie
2026-05-29,Downtown Crossing,20.0,camo gray shorts
2026-05-29,Downtown Crossing,25.0,red sox champions crewneck
2026-05-29,Downtown Crossing,30.0,london fog leather jacket
2026-05-29,Downtown Crossing,20.0,polo jeans gray crewneck
