date,event,items,richie_revenue,days,year,month
2024-06-02,Fenway Flea,25,780.0,1,2024,6
2024-06-08,Select Markets,51,1451.0,1,2024,6
2024-06-09,Fenway Flea,45,1340.0,1,2024,6
2024-06-16,Fenway Flea,30,857.0,1,2024,6
2024-06-23,Fenway Flea,24,755.0,1,2024,6
2024-06-30,Fenway Flea,30,910.0,1,2024,6
2024-07-12,Brimfield,16,870.0,1,2024,7
2024-07-20,Found,55,1460.0,1,2024,7
2024-07-28,Fenway Flea,12,345.0,1,2024,7
2024-08-03,Found + Fenway (weekend),21,595.0,2,2024,8
2024-08-11,Fenway Flea,30,780.0,1,2024,8
2024-08-17,Found + Fenway (weekend),29,710.0,2,2024,8
2024-08-31,Found + Fenway (weekend),38,905.0,2,2024,8
2024-09-05,Brimfield,18,1155.0,1,2024,9
2024-09-06,Brimfield,8,205.0,1,2024,9
2024-09-08,Fenway Flea,30,775.0,1,2024,9
2024-09-15,Select Markets,71,2176.5,1,2024,9
2024-09-28,BS Boutique,30,835.0,1,2024,9
2024-09-29,Fenway Flea,13,370.0,1,2024,9
2024-10-05,Found,34,738.0,1,2024,10
2024-10-12,Found,19,442.5,1,2024,10
2024-10-13,Bow Vintage,14,500.0,1,2024,10
2024-10-19,Found,24,582.5,1,2024,10
2024-10-26,Found,26,947.5,1,2024,10
2024-11-02,Found,16,750.0,1,2024,11
2024-11-16,Select Markets,59,1682.0,1,2024,11
2024-11-19,UML Event,29,694.0,1,2024,11
2024-11-21,BS Boutique,10,250.0,1,2024,11
2025-02-15,Select Markets,7,355.0,1,2025,2
2025-05-13,Brimfield,3,8500.0,1,2025,5
2025-08-09,Market,12,275.0,1,2025,8
2025-08-10,Market,14,320.0,1,2025,8
2025-08-17,Fenway Flea,16,420.0,1,2025,8
2025-08-24,Fenway Flea,13,255.0,1,2025,8
2025-09-04,Brimfield,4,1010.0,1,2025,9
2025-09-16,Instagram,1,2250.0,1,2025,9
2025-12-13,Instagram,1,385.0,1,2025,12
2026-05-29,Downtown Crossing,17,452.5,1,2026,5
