year,month,platform,gross_revenue,date
2022,2,grailed,364.14,2022-02-01
2022,3,grailed,964.65,2022-03-01
2022,4,grailed,808.06,2022-04-01
2022,5,grailed,324.06,2022-05-01
2022,6,grailed,211.69,2022-06-01
2022,7,grailed,486.76,2022-07-01
2022,8,grailed,1245.27,2022-08-01
2022,9,grailed,623.41,2022-09-01
2022,10,ebay,220.0,2022-10-01
2022,10,grailed,877.48,2022-10-01
2022,11,ebay,252.89,2022-11-01
2022,11,grailed,782.11,2022-11-01
2022,12,ebay,700.42,2022-12-01
2022,12,grailed,405.0,2022-12-01
2023,1,ebay,197.33,2023-01-01
2023,2,depop,84.9,2023-02-01
2023,2,ebay,951.99,2023-02-01
2023,3,depop,416.71,2023-03-01
2023,3,ebay,3630.81,2023-03-01
2023,4,depop,798.31,2023-04-01
2023,4,ebay,2353.26,2023-04-01
2023,5,depop,597.54,2023-05-01
2023,5,ebay,2281.76,2023-05-01
2023,6,depop,200.27,2023-06-01
2023,6,ebay,452.6,2023-06-01
2023,7,depop,80.78,2023-07-01
2023,7,ebay,160.0,2023-07-01
2023,8,depop,216.02,2023-08-01
2023,8,ebay,30.59,2023-08-01
2023,9,depop,549.33,2023-09-01
2023,10,depop,918.81,2023-10-01
2023,10,ebay,66.45,2023-10-01
2023,11,depop,1569.51,2023-11-01
2023,11,ebay,430.38,2023-11-01
2023,12,depop,580.84,2023-12-01
2023,12,ebay,695.12,2023-12-01
2024,1,depop,1833.76,2024-01-01
2024,1,ebay,205.68,2024-01-01
2024,2,depop,595.17,2024-02-01
2024,2,ebay,153.7,2024-02-01
2024,3,depop,1502.99,2024-03-01
2024,3,ebay,925.53,2024-03-01
2024,4,depop,1040.59,2024-04-01
2024,4,ebay,962.19,2024-04-01
2024,5,depop,1609.63,2024-05-01
2024,5,ebay,808.44,2024-05-01
2024,6,depop,839.78,2024-06-01
2024,6,ebay,988.34,2024-06-01
2024,7,depop,391.83,2024-07-01
2024,7,ebay,523.19,2024-07-01
2024,8,depop,1578.18,2024-08-01
2024,8,ebay,649.92,2024-08-01
2024,9,depop,739.1,2024-09-01
2024,9,ebay,429.59,2024-09-01
2024,10,ebay,493.78,2024-10-01
2024,11,depop,111.33,2024-11-01
2024,11,ebay,328.75,2024-11-01
2024,12,depop,39.21,2024-12-01
2024,12,ebay,723.44,2024-12-01
2025,1,depop,825.3,2025-01-01
2025,1,ebay,1598.22,2025-01-01
2025,2,depop,146.0,2025-02-01
2025,2,ebay,1826.25,2025-02-01
2025,3,depop,262.5,2025-03-01
2025,3,ebay,1446.18,2025-03-01
2025,4,depop,84.38,2025-04-01
2025,4,ebay,898.66,2025-04-01
2025,5,ebay,1034.94,2025-05-01
2025,6,depop,593.9,2025-06-01
2025,6,ebay,1013.99,2025-06-01
2025,7,ebay,1199.04,2025-07-01
2025,8,ebay,1570.18,2025-08-01
2025,9,ebay,90.23,2025-09-01
2025,10,ebay,2446.78,2025-10-01
2025,11,ebay,1375.31,2025-11-01
2025,12,ebay,1109.75,2025-12-01
